"STATEFP","COUNTYFP","LSAD","TRACTCE","GEOID","AFFGEOID","NAME","Tract","County","State","FacID","cat","measure","value","RE","Sex","def","fmt","source","lbl","geometry"
"16","059","CT","970300","16059970300","1400000US16059970300","9703","Census Tract 9703","Lemhi County","ID",475,"Travel time to Screening Facility","Minutes",160.984071841,NA,NA,"Minutes to Gastroenterology","int","SHAPE","161 min",list(c(-113.911319, -113.911444, -113.893025, -113.8848, -113.871974, -113.858428, -113.852286, -113.72498, -113.720284, -113.663106, -113.660362, -113.644376, -113.639872, -113.625017, -113.610117, -113.591343, -113.558586, -113.546441, -113.538005, -113.524352, -113.503734, -113.480972, -113.471707, -113.453162, -113.445436572369, -113.449444, -113.443949, -113.452252, -113.46521, -113.480836, -113.496445, -113.498373, -113.491542, -113.471948, -113.477988, -113.4612, -113.462556, -113.455071, 
-113.443666, -113.439398, -113.42875, -113.421579, -113.409413, -113.39431, -113.384335, -113.376157, -113.356062, -113.3461, -113.352992, -113.340003, -113.319481, -113.30086, -113.299377, -113.279933, -113.246481, -113.237711, -113.209171, -113.203801, -113.190334, -113.179538, -113.163409, -113.159429, -113.131831, -113.131418, -113.137704, -113.13428, -113.121503, -113.112112, -113.101597, -113.101279, -113.093951, -113.083237, -113.081406, -113.067761, -113.069726, -113.065589, -113.051504, 
-113.049808, -113.057122, -113.07467, -113.087542, -113.073876, -113.062703, -113.067168, -113.037792, -113.047765, -113.04422, -113.030853, -113.025493, -113.005408, -113.015578, -113.017047, -113.026499, -113.019987, -113.006702, -113.008779, -113.005059, -112.992667, -112.979377, -112.9642, -112.952963, -112.951109, -112.93958, -112.93057, -112.918568, -112.916538, -112.902662, -112.891254, -112.885419, -112.88152, -112.873281, -112.863515, -112.855086, -112.845176, -112.829938, -112.813804186466, 
-112.813792, -112.934701, -112.934725, -112.995091, -113.320609, -113.332685, -113.33481, -113.326052, -113.333552, -113.336739, -113.340821, -113.352945, -113.363088, -113.37354, -113.377152, -113.391645, -113.404779, -113.410549, -113.425443, -113.43585, -113.437002, -113.451832, -113.466499, -113.477446, -113.4855, -113.502065, -113.523124, -113.53498, -113.553221, -113.565019, -113.589263, -113.598223, -113.613256, -113.654292, -113.674477, -113.689462, -113.706703, -113.719359, -113.745427, 
-113.78796, -113.803674, -113.816215, -113.837539, -113.844346, -113.866969, -113.882675, -113.894944, -113.899399, -113.909017, -113.92002, -113.929805, -113.943944, -113.96653, -113.980367, -114.006112, -114.007533, -114.021647, -114.024404, -114.035375, -114.03515, -114.048193, -114.053048, -114.05088, -114.069388, -114.075937, -114.093695, -114.107846, -114.114688, -114.127097, -114.135573, -114.140656, -114.153763, -114.169502, -114.173534, -114.185998, -114.192141, -114.205244, -114.217286, 
-114.216084, -114.206024, -114.206354, -114.202215, -114.196129, -114.196623, -114.190913, -114.198907, -114.191722, -114.198872, -114.197218, -114.21165, -114.214229, -114.221218, -114.212949, -114.193145, -114.188846, -114.192339, -114.19069, -114.200922, -114.199331, -114.193118, -114.174108, -114.155145, -114.139507, -114.137981, -114.121707, -114.098771, -114.090195, -114.091766, -114.101156, -114.084384, -114.089866, -114.087499, -114.074607, -114.06258, -114.051864, -114.023406, -114.00686, 
-113.996306, -113.936952, -113.921541, -113.911029, -113.894481, -113.895311, -113.904656, -113.911619, -113.907796, -113.911319, 45.149479, 45.156568, 45.156875, 45.161668, 45.16071, 45.155019, 45.157788, 45.092774, 45.089521, 45.026387, 45.019909, 44.959818, 44.956455, 44.956074, 44.950328, 44.946986, 44.949266, 44.957564, 44.967057, 44.973929, 44.978622, 44.973128, 44.979351, 44.980045, 44.9747463859566, 44.970017, 44.960165, 44.952241, 44.947866, 44.95031, 44.947319, 44.941685, 44.924541, 44.909456, 
44.895222, 44.886754, 44.881858, 44.865424, 44.861756, 44.855508, 44.854213, 44.837554, 44.840757, 44.83694, 44.837503, 44.83039, 44.819798, 44.800611, 44.790877, 44.784842, 44.794404, 44.799512, 44.802639, 44.812073, 44.822665, 44.813874, 44.809032, 44.804132, 44.79979, 44.787165, 44.778779, 44.780884, 44.773038, 44.765272, 44.760109, 44.752267, 44.747173, 44.733288, 44.729388, 44.706221, 44.695307, 44.692156, 44.683372, 44.678786, 44.669039, 44.649253, 44.63695, 44.629066, 44.618609, 44.613982, 
44.59951, 44.593932, 44.586433, 44.579062, 44.565083, 44.548283, 44.54337, 44.536976, 44.538006, 44.520142, 44.516203, 44.50398, 44.496166, 44.483696, 44.471651, 44.465862, 44.45372, 44.445616, 44.433559, 44.423787, 44.424677, 44.417442, 44.412502, 44.413312, 44.40896, 44.404171, 44.399101, 44.405525, 44.396833, 44.379629, 44.372349, 44.369455, 44.35997, 44.357962, 44.365548, 44.3761865074476, 44.230281, 44.230246, 44.234166, 44.234126, 44.233164, 44.247352, 44.259795, 44.272363, 44.290953, 44.293463, 
44.318165, 44.325483, 44.347469, 44.353796, 44.361141, 44.370851, 44.382518, 44.400201, 44.422896, 44.426762, 44.439305, 44.454936, 44.452891, 44.447969, 44.43385, 44.422098, 44.426087, 44.424826, 44.42642, 44.436201, 44.44358, 44.441425, 44.445762, 44.449666, 44.456186, 44.468028, 44.474535, 44.474777, 44.480705, 44.494008, 44.492555, 44.493963, 44.511721, 44.523406, 44.536119, 44.548325, 44.552512, 44.558391, 44.559857, 44.565899, 44.576769, 44.586187, 44.614254, 44.618207, 44.637031, 44.649191, 
44.652186, 44.660931, 44.671167, 44.679294, 44.691427, 44.706393, 44.711489, 44.732683, 44.745578, 44.754742, 44.748378, 44.741076, 44.740611, 44.730344, 44.731666, 44.745025, 44.741303, 44.745372, 44.743202, 44.746428, 44.744022, 44.747824, 44.762293, 44.770795, 44.787615, 44.801662, 44.803224, 44.812181, 44.826024, 44.830636, 44.837933, 44.844629, 44.862823, 44.863102, 44.872423, 44.878966, 44.894429, 44.905553, 44.912483, 44.91854, 44.932027, 44.946463, 44.957535, 44.964261, 44.970928, 44.991785, 
44.993015, 44.999721, 45.006501, 45.009037, 45.012907, 45.030747, 45.049861, 45.063262, 45.085958, 45.093158, 45.100059, 45.094747, 45.08329, 45.077119, 45.077626, 45.08218, 45.08196, 45.078461, 45.09727, 45.098431, 45.105457, 45.109903, 45.125802, 45.144574, 45.149479))
"30","005","CT","000100","30005000100","1400000US30005000100","1","Census Tract 1","Blaine County","MT",429,"Travel time to Screening Facility","Minutes",163.291443409999,NA,NA,"Minutes to Gastroenterology","int","SHAPE","163 min",list(c(-109.112207179993, -109.000708, -108.808067011433, -108.676099945567, -108.488063, -108.236362223928, -108.236357, -108.259372, -108.259384, -108.319119, -108.319011, -108.346193, -108.346292, -108.35169, -108.367731, -108.368209, -108.393266, -108.411186, -108.424926, -108.425808, -108.442584, -108.438969, -108.448647, -108.457332, -108.469135, -108.495274, -108.507621, -108.511571, -108.526646, -108.539141, -108.546552, -108.549601, -108.56049, -108.562993, -108.552099, -108.570958, -108.574099, 
-108.596956, -108.606156, -108.635147, -108.633063, -108.647177, -108.653763, -108.66574, -108.673296, -108.69635, -108.691902, -108.711593, -108.716905, -108.72481, -108.739657, -108.753332, -108.769524, -108.779551, -108.784014, -108.803392, -108.793085, -108.816435, -108.821005, -108.830491, -108.841158, -108.855394, -108.85453, -108.861356, -108.876399, -108.888133, -108.87995, -108.88521, -108.89907, -108.90866, -108.947059, -108.996658, -108.996536, -108.991943, -108.980108, -108.978553, -108.978584, 
-108.981289, -108.996214, -109.002665, -109.021628, -109.02878, -109.025976, -109.033059, -109.045882, -109.045765, -109.135415, -109.137867, -109.137908, -109.131388, -109.131864, -109.127892, -109.112207179993, 48.999759687298, 48.999234, 48.9992948739268, 48.9993357914097, 48.999368, 48.9995299383905, 48.91352, 48.913592, 48.742225, 48.742209, 48.568431, 48.56845, 48.422795, 48.427566, 48.43305, 48.44143, 48.437769, 48.444981, 48.443706, 48.434576, 48.428557, 48.418947, 48.413745, 48.422153, 48.421533, 
48.433845, 48.433654, 48.441394, 48.442589, 48.435685, 48.443475, 48.454713, 48.456639, 48.465455, 48.473708, 48.480236, 48.477937, 48.480227, 48.476035, 48.478908, 48.484915, 48.489924, 48.482619, 48.484878, 48.477475, 48.484535, 48.490587, 48.498351, 48.48628, 48.490107, 48.48987, 48.49319, 48.485575, 48.48546, 48.492796, 48.491728, 48.502467, 48.499285, 48.504913, 48.503916, 48.514281, 48.515111, 48.523694, 48.525315, 48.541114, 48.535818, 48.542241, 48.546596, 48.544935, 48.563452, 48.572831, 
48.57883, 48.589956, 48.607756, 48.618816, 48.653869, 48.687862, 48.700167, 48.711476, 48.71974, 48.723675, 48.734067, 48.737329, 48.747907, 48.748232, 48.914112, 48.914081, 48.91633, 48.970749, 48.971982, 48.984493, 48.989908, 48.999759687298))
"30","101","CT","000100","30101000100","1400000US30101000100","1","Census Tract 1","Toole County","MT",429,"Travel time to Screening Facility","Minutes",170.477187421999,NA,NA,"Minutes to Gastroenterology","int","SHAPE","170 min",list(c(-112.193409074978, -112.003866, -112.000878, -111.761613, -111.500812, -111.269864027259, -111.269961, -111.273311, -111.273339, -111.341144, -111.338932, -111.338929, -111.480604, -111.687155, -111.862212, -111.862138, -112.144237, -112.156657, -112.177431, -112.189132, -112.189016, -112.193202, -112.193409074978, 48.9988999207963, 48.99857, 48.998921, 48.99765, 48.996963, 48.9972297844707, 48.914078, 48.914078, 48.740427, 48.740262, 48.734736, 48.696836, 48.696749, 48.696697, 48.696702, 
48.653211, 48.653363, 48.649701, 48.649725, 48.647279, 48.913989, 48.914023, 48.9988999207963))
"30","087","CT","000100","30087000100","1400000US30087000100","1","Census Tract 1","Rosebud County","MT",336,"Travel time to Screening Facility","Minutes",150.513551597999,NA,NA,"Minutes to Gastroenterology","int","SHAPE","151 min",list(c(-107.892233, -107.869016, -107.719584, -107.46777, -107.467748, -107.354515, -107.033775, -106.720157, -106.720237, -106.495622, -106.086463, -106.086341, -106.12063, -106.120384, -106.119892, -106.120366, -106.155143, -106.154792, -106.172834, -106.168586, -106.186261, -106.209892, -106.222177, -106.233416, -106.249737, -106.249204, -106.256121, -106.270691, -106.291724, -106.311736, -106.319908, -106.317551, -106.322654, -106.342052, -106.347154, -106.388416, -106.400133, -106.414838, -106.424078, 
-106.441344, -106.45226, -106.469503, -106.476684, -106.52897, -106.670852, -106.681633, -106.693714, -106.696112, -106.706431, -106.715109, -106.731481, -106.745614, -106.759362, -106.768035, -106.782187, -106.782465, -106.793304, -106.800541, -106.817522, -106.813889, -106.8207, -106.829019, -106.857253, -106.863246, -106.878511, -106.890394, -106.899924, -106.929883, -106.944843, -106.962303, -106.970484, -106.980162, -107.007558, -107.028538, -107.028422, -107.153444, -107.15358, -107.174435, 
-107.174531, -107.738548, -107.754815, -107.754824, -107.781214, -107.796755, -107.796763, -107.795473, -107.837732, -107.82615, -107.816987, -107.822348, -107.814589, -107.81291, -107.817496, -107.815175, -107.800562, -107.796651, -107.799653, -107.792939, -107.800323, -107.812605, -107.822039, -107.826004, -107.823935, -107.811261, -107.813427, -107.825451, -107.827687, -107.836626, -107.840518, -107.85366, -107.842523, -107.839654, -107.853525, -107.841707, -107.854982, -107.858162, -107.873446, 
-107.8767, -107.88571, -107.892233, 46.851215, 46.851007, 46.851301, 46.85116, 46.859254, 46.859082, 46.859216, 46.859603, 46.845176, 46.845484, 46.845881, 46.831462, 46.831438, 46.624821, 46.526489, 46.483648, 46.483634, 46.304461, 46.302929, 46.294731, 46.285221, 46.291866, 46.292024, 46.283262, 46.280617, 46.270634, 46.265572, 46.264567, 46.270986, 46.271794, 46.275316, 46.285089, 46.288505, 46.282989, 46.289043, 46.291639, 46.287607, 46.291465, 46.289235, 46.277238, 46.27794, 46.273209, 46.266968, 
46.266141, 46.26574, 46.258319, 46.256976, 46.264618, 46.265686, 46.255733, 46.262891, 46.260089, 46.26071, 46.273995, 46.272425, 46.265181, 46.266533, 46.274185, 46.278271, 46.28621, 46.289202, 46.281497, 46.274818, 46.28327, 46.276438, 46.282092, 46.282555, 46.293396, 46.295547, 46.301961, 46.295991, 46.296547, 46.307645, 46.306639, 46.39546, 46.395613, 46.468101, 46.468176, 46.482713, 46.481806, 46.481804, 46.496043, 46.496014, 46.495874, 46.567977, 46.596652, 46.596647, 46.60522, 46.615751, 46.621791, 
46.627528, 46.637955, 46.644893, 46.65461, 46.66147, 46.666539, 46.674266, 46.67983, 46.692267, 46.695766, 46.704494, 46.71413, 46.728177, 46.728469, 46.743319, 46.748165, 46.755875, 46.762809, 46.775187, 46.778894, 46.785982, 46.79449, 46.798418, 46.803716, 46.812317, 46.824435, 46.835011, 46.845031, 46.843927, 46.851215))
"30","075","CT","000100","30075000100","1400000US30075000100","1","Census Tract 1","Powder River County","MT",336,"Travel time to Screening Facility","Minutes",167.150558127,NA,NA,"Minutes to Gastroenterology","int","SHAPE","167 min",list(c(-106.191734, -106.108513, -105.775049, -105.655499, -105.442423, -105.315048, -105.282472, -104.98194, -104.981474, -104.981539, -104.981451, -104.987306, -104.987318, -105.038205, -105.038317, -105.038249000584, -105.076600962208, -105.169172, -105.371307705322, -105.628231, -105.913149, -105.928174, -106.024815200578, -106.263715096083, -106.263684, -106.279709, -106.279549, -106.235716, -106.233962, -106.233396, -106.231728, -106.234502, -106.191734, 45.7886, 45.788613, 45.788474, 45.788423, 
45.788433, 45.788187, 45.787717, 45.786982, 45.705589, 45.529661, 45.442759, 45.442759, 45.35204, 45.352035, 45.178045, 45.000103600584, 45.0001122781421, 45.000118, 45.0002443736196, 45.000405, 45.000238, 44.993487, 44.9934722928644, 44.9937884502354, 45.179723, 45.179728, 45.351797, 45.351796, 45.510725, 45.642927, 45.756782, 45.788578, 45.7886))
"30","071","CT","060200","30071060200","1400000US30071060200","602","Census Tract 602","Phillips County","MT",429,"Travel time to Screening Facility","Minutes",195.340756492999,NA,NA,"Minutes to Gastroenterology","int","SHAPE","195 min",list(c(-108.885352, -108.671694, -108.662132, -108.656132, -108.625587, -108.623259, -108.607579, -108.597801, -108.569564, -108.43398, -108.433848, -108.411363, -108.411274, -108.411186, -108.393266, -108.368209, -108.367731, -108.35169, -108.346292, -108.346193, -108.319011, -108.319119, -108.259384, -108.259372, -108.236357, -108.236362223928, -107.972301683312, -107.704696, -107.441017, -107.363582, -107.179812009792, -107.179823, -107.206032, -107.206316, -107.192709, -107.192691, -107.208769, 
-107.217443, -107.233025, -107.241295, -107.25803, -107.257944, -107.301721, -107.301285, -107.260279, -107.260458, -107.369252, -107.36973, -107.404513, -107.404675, -107.404676, -107.4144, -107.414886, -107.428528, -107.428685, -107.419745, -107.42746, -107.439116, -107.434011, -107.434698, -107.442748, -107.451508, -107.499344, -107.510855, -107.520788, -107.553672, -107.567572, -107.59425, -107.610852, -107.614968, -107.624214, -107.638985, -107.648087, -107.646679, -107.654162, -107.661986, 
-107.671173, -107.694687, -107.695073, -107.707426, -107.709522, -107.720899, -107.731521, -107.732268, -107.762737, -107.759362, -107.761921, -107.777865, -107.785171, -107.80678, -107.822031, -107.839431, -107.842235, -107.853559, -107.865489, -107.850475, -107.851241, -107.866219, -107.86746, -107.860042, -107.863544, -107.90912, -107.912073, -107.904894, -107.909119, -107.897193, -107.898107, -107.912095, -107.919184, -107.919502, -107.930208, -107.923857, -107.931105, -107.944341, -107.96158, 
-107.96591, -107.976184, -107.988987, -107.99659, -108.013184, -108.024056, -108.046613, -108.053127, -108.065418, -108.079585, -108.09223, -108.112843, -108.119256, -108.137272, -108.147544, -108.160929, -108.178548, -108.19957, -108.213883, -108.237974, -108.251312, -108.282375, -108.30507, -108.313048, -108.323904, -108.326383, -108.335819, -108.350385, -108.356267, -108.366771, -108.377853, -108.379423, -108.386342, -108.400487, -108.412458, -108.428956, -108.421463, -108.425143, -108.439342, 
-108.440017, -108.456908, -108.461715, -108.475767, -108.490404, -108.509227, -108.507494, -108.513343, -108.527063, -108.538516, -108.547981, -108.572422, -108.582157, -108.595766, -108.610972, -108.631376, -108.656879, -108.6714, -108.686034, -108.70208, -108.710291, -108.71295, -108.727883, -108.749459, -108.755437, -108.771619, -108.786231, -108.78982, -108.781524, -108.78406, -108.810622, -108.821449, -108.84858, -108.891115, -108.891069, -108.888493, -108.888316, -108.885352, 47.922729, 47.923256, 
47.924967, 47.919979, 47.920411, 47.957242, 47.990997, 47.991923, 47.981272, 47.976553, 48.219551, 48.219554, 48.315983, 48.444981, 48.437769, 48.44143, 48.43305, 48.427566, 48.422795, 48.56845, 48.568431, 48.742209, 48.742225, 48.913592, 48.91352, 48.9995299383905, 48.9996998287643, 48.999872, 48.999363, 49.000019, 48.9999246229784, 48.912668, 48.91271, 48.56817, 48.568113, 48.509402, 48.510127, 48.50757, 48.515515, 48.51324, 48.514821, 48.480989, 48.480943, 48.394506, 48.39408, 48.304768, 48.305163, 
48.218373, 48.21844, 48.088915, 47.870509, 47.870513, 47.691734, 47.676526, 47.671191, 47.662295, 47.651375, 47.646778, 47.639948, 47.631407, 47.623672, 47.622141, 47.624005, 47.630165, 47.642919, 47.646348, 47.642964, 47.649731, 47.647369, 47.635511, 47.637984, 47.649626, 47.652514, 47.629444, 47.621354, 47.620891, 47.629892, 47.629762, 47.621001, 47.608379, 47.60026, 47.589577, 47.58541, 47.571874, 47.563891, 47.553225, 47.54805, 47.543647, 47.552057, 47.542699, 47.545179, 47.534405, 47.524906, 
47.517219, 47.512898, 47.491947, 47.487509, 47.482543, 47.470829, 47.460036, 47.456052, 47.450692, 47.465714, 47.474812, 47.488011, 47.504075, 47.510071, 47.514482, 47.520588, 47.535189, 47.544324, 47.555816, 47.569073, 47.566326, 47.569875, 47.578486, 47.585931, 47.588853, 47.584409, 47.581361, 47.582346, 47.588483, 47.594504, 47.598294, 47.592012, 47.594147, 47.591336, 47.594052, 47.592428, 47.583642, 47.580749, 47.580064, 47.589725, 47.585354, 47.582369, 47.587784, 47.579615, 47.580738, 47.58365, 
47.58544, 47.570761, 47.5674, 47.567444, 47.580207, 47.576076, 47.577607, 47.586741, 47.592007, 47.595186, 47.5849, 47.588458, 47.596956, 47.604153, 47.602479, 47.61356, 47.615726, 47.60722, 47.597639, 47.600768, 47.601199, 47.609147, 47.615008, 47.621103, 47.61394, 47.6141, 47.609483, 47.615466, 47.615936, 47.624329, 47.619525, 47.621982, 47.619556, 47.631114, 47.629851, 47.633605, 47.641638, 47.649887, 47.646916, 47.643842, 47.645523, 47.655911, 47.662943, 47.675583, 47.682104, 47.697983, 47.709084, 
47.720781, 47.734456, 47.870608, 47.870608, 47.922722, 47.922729))
"30","005","CT","940200","30005940200","1400000US30005940200","9402","Census Tract 9402","Blaine County","MT",336,"Travel time to Screening Facility","Minutes",172.220381938999,NA,NA,"Minutes to Gastroenterology","int","SHAPE","172 min",list(c(-108.888093, -108.862973, -108.852014, -108.831428, -108.823712, -108.827176, -108.799728, -108.786171, -108.777025, -108.766244, -108.758915, -108.747785, -108.737952, -108.712726, -108.665024, -108.654778, -108.649718, -108.620039, -108.611986, -108.605262, -108.595489, -108.559448, -108.547394, -108.540489, -108.530304, -108.513327, -108.49465, -108.478577, -108.472466, -108.450291, -108.4245, -108.418884, -108.421831, -108.411274, -108.411363, -108.433848, -108.43398, -108.569564, -108.597801, 
-108.607579, -108.623259, -108.625587, -108.656132, -108.662132, -108.671694, -108.885352, -108.885512, -108.897257, -108.911399, -108.925418, -108.903071, -108.888635, -108.886596, -108.898445, -108.907087, -108.910084, -108.919544, -108.935432, -108.951705, -108.960306, -108.979985, -108.983244, -108.997161, -109.01259, -109.025582, -109.038121, -109.04819, -109.073882, -109.071001, -109.082103, -109.081688, -109.091688, -109.090415, -109.098534, -109.098574, -109.077783, -109.078029, -109.060281, 
-109.068823, -109.081245, -109.081352, -109.083319, -109.073132, -109.070758, -109.053979, -109.049469, -109.018174, -109.008496, -109.002494, -109.012672, -109.00503, -108.994358, -108.973174, -108.941346, -108.936882, -108.923588, -108.908743, -108.908857, -108.887627, -108.888093, 48.268604, 48.264944, 48.259333, 48.254706, 48.246417, 48.242217, 48.242452, 48.238321, 48.232073, 48.230024, 48.223935, 48.222821, 48.228095, 48.223798, 48.238206, 48.231267, 48.238097, 48.24143, 48.25211, 48.250989, 
48.258415, 48.253212, 48.262421, 48.260945, 48.267198, 48.255241, 48.256797, 48.268865, 48.266767, 48.278783, 48.283524, 48.298347, 48.305019, 48.315983, 48.219554, 48.219551, 47.976553, 47.981272, 47.991923, 47.990997, 47.957242, 47.920411, 47.919979, 47.924967, 47.923256, 47.922729, 48.017308, 48.014835, 48.022055, 48.013106, 48.003387, 47.999291, 47.994005, 47.985705, 47.985657, 47.978414, 47.975121, 47.98165, 47.976687, 47.987994, 47.998088, 48.015112, 48.014174, 48.008588, 48.000992, 48.002036, 
48.015485, 48.029376, 48.038128, 48.040875, 48.046043, 48.056757, 48.068254, 48.073637, 48.084517, 48.083468, 48.088816, 48.087215, 48.095604, 48.098796, 48.126977, 48.131758, 48.141668, 48.161881, 48.167333, 48.159425, 48.156229, 48.152607, 48.169888, 48.179246, 48.189269, 48.181952, 48.180852, 48.183942, 48.18981, 48.192362, 48.191646, 48.198662, 48.198548, 48.268604))
"30","005","CT","940100","30005940100","1400000US30005940100","9401","Census Tract 9401","Blaine County","MT",429,"Travel time to Screening Facility","Minutes",160.182099553,NA,NA,"Minutes to Gastroenterology","int","SHAPE","160 min",list(c(-108.888133, -108.876399, -108.861356, -108.85453, -108.855394, -108.841158, -108.830491, -108.821005, -108.816435, -108.793085, -108.803392, -108.784014, -108.779551, -108.769524, -108.753332, -108.739657, -108.72481, -108.716905, -108.711593, -108.691902, -108.69635, -108.673296, -108.66574, -108.653763, -108.647177, -108.633063, -108.635147, -108.606156, -108.596956, -108.574099, -108.570958, -108.552099, -108.562993, -108.56049, -108.549601, -108.546552, -108.539141, -108.526646, -108.511571, 
-108.507621, -108.495274, -108.469135, -108.457332, -108.448647, -108.438969, -108.442584, -108.425808, -108.424926, -108.411186, -108.411274, -108.421831, -108.418884, -108.4245, -108.450291, -108.472466, -108.478577, -108.49465, -108.513327, -108.530304, -108.540489, -108.547394, -108.559448, -108.595489, -108.605262, -108.611986, -108.620039, -108.649718, -108.654778, -108.665024, -108.712726, -108.737952, -108.747785, -108.758915, -108.766244, -108.777025, -108.786171, -108.799728, -108.827176, 
-108.823712, -108.831428, -108.852014, -108.862973, -108.888093, -108.888875, -108.888133, 48.535818, 48.541114, 48.525315, 48.523694, 48.515111, 48.514281, 48.503916, 48.504913, 48.499285, 48.502467, 48.491728, 48.492796, 48.48546, 48.485575, 48.49319, 48.48987, 48.490107, 48.48628, 48.498351, 48.490587, 48.484535, 48.477475, 48.484878, 48.482619, 48.489924, 48.484915, 48.478908, 48.476035, 48.480227, 48.477937, 48.480236, 48.473708, 48.465455, 48.456639, 48.454713, 48.443475, 48.435685, 48.442589, 
48.441394, 48.433654, 48.433845, 48.421533, 48.422153, 48.413745, 48.418947, 48.428557, 48.434576, 48.443706, 48.444981, 48.315983, 48.305019, 48.298347, 48.283524, 48.278783, 48.266767, 48.268865, 48.256797, 48.255241, 48.267198, 48.260945, 48.262421, 48.253212, 48.258415, 48.250989, 48.25211, 48.24143, 48.238097, 48.231267, 48.238206, 48.223798, 48.228095, 48.222821, 48.223935, 48.230024, 48.232073, 48.238321, 48.242452, 48.242217, 48.246417, 48.254706, 48.259333, 48.264944, 48.268604, 48.452439, 
48.535818))
"30","011","CT","000300","30011000300","1400000US30011000300","3","Census Tract 3","Carter County","MT",133,"Travel time to Screening Facility","Minutes",204.217892272,NA,NA,"Minutes to Gastroenterology","int","SHAPE","204 min",list(c(-104.98194, -104.939289, -104.93925, -104.939205, -104.885495, -104.584989, -104.516126, -104.516078, -104.390744, -104.390876, -104.328064, -104.327993, -104.203907, -104.134842, -104.134826, -104.04403, -104.042597, -104.041937, -104.041145, -104.040114, -104.040358, -104.040135756493, -104.040033, -104.039694, -104.057879, -104.263043, -104.506765, -104.631296, -104.889161, -105.038249000584, -105.038317, -105.038205, -104.987318, -104.987306, -104.981451, -104.981539, -104.981474, -104.98194, 
45.786982, 45.786964, 46.004931, 46.136575, 46.136595, 46.136015, 46.136196, 46.054844, 46.054826, 45.970363, 45.970697, 45.968023, 45.96798, 45.968833, 45.881928, 45.881975, 45.749998, 45.557915, 45.503367, 45.374214, 45.335946, 45.2128907620416, 45.090749, 44.99807, 44.997605, 44.998127, 44.998493, 44.998808, 45.000026, 45.000103600584, 45.178045, 45.352035, 45.35204, 45.442759, 45.442759, 45.529661, 45.705589, 45.786982))
"32","023","CT","960100","32023960100","1400000US32023960100","9601","Census Tract 9601","Nye County","NV",351,"Travel time to Screening Facility","Minutes",194.727891690999,NA,NA,"Minutes to Gastroenterology","int","SHAPE","195 min",list(c(-117.865116, -117.775468, -117.623322, -117.331857, -117.177239, -117.014135, -116.750845, -116.739058, -116.600946, -116.462325, -116.235081, -116.002271, -116.000886, -115.907071, -115.869545, -115.750827, -115.742633, -115.601585, -115.599878, -115.12585, -115.122877, -115.000846, -115.000845, -115.000846, -115.000846, -115.253762, -115.893126, -115.905618, -115.916535, -115.939984, -115.979841, -116.023423, -116.103582, -116.124879, -116.153438, -116.167793, -116.177157, -116.178335, -116.184004, 
-116.182374, -116.186941, -116.193383, -116.19339, -116.209737, -116.229694, -116.249915, -116.256883, -116.275935, -116.298735, -116.301592, -116.340059, -116.341063, -116.342911, -116.359466, -116.364733, -116.378279, -116.38605, -116.400231, -116.413457, -116.422116, -116.429647, -116.44753, -116.46464, -116.478838, -116.50167, -116.518816, -116.544863, -116.567875, -116.594817, -116.644444, -116.663197, -116.678117, -116.694451, -116.713067, -116.719757, -116.735188, -116.745707, -116.753008, 
-116.766556, -116.779393, -116.802405, -116.811124, -116.827639, -116.835007, -116.857595, -116.873935, -116.891789, -116.914534, -116.936265, -116.947449, -116.956693, -116.971172, -116.979314, -116.990932, -117.014982, -117.04859, -117.064824, -117.079715, -117.097956, -117.112648, -117.122857, -117.121727, -117.125861, -117.134586, -117.130552, -117.131093, -117.142148, -117.143661, -117.152212, -117.161956, -117.170396, -117.18857, -117.199459, -117.206302, -117.232394, -117.252331, -117.279259, 
-117.295362, -117.303068, -117.316043, -117.322307, -117.401441, -117.420368, -117.452721, -117.390051, -117.415209, -117.403116, -117.449707, -117.625934, -117.691021, -117.721203, -118.020963, -118.196235, -118.196274, -118.124023, -117.865116, 39.073654, 39.093425, 39.118725, 39.16343, 39.163268, 39.16336, 39.161528, 39.162266, 39.161463, 39.161703, 39.161793, 39.161228, 39.161845, 39.161848, 39.142617, 39.079636, 39.074647, 38.999933, 38.999933, 38.744604, 38.743404, 38.677322, 38.49995, 38.088772, 
38.050757, 38.050651, 38.050534, 38.052486, 38.060564, 38.06852, 38.085325, 38.105934, 38.147675, 38.161997, 38.185718, 38.194023, 38.209067, 38.219824, 38.235254, 38.254257, 38.291236, 38.305015, 38.332467, 38.362573, 38.368212, 38.361274, 38.36743, 38.406901, 38.445406, 38.44727, 38.450756, 38.488648, 38.510957, 38.519443, 38.518771, 38.527271, 38.526574, 38.531094, 38.530632, 38.535601, 38.534819, 38.54157, 38.531871, 38.533079, 38.52171, 38.531339, 38.529641, 38.513427, 38.496638, 38.472024, 
38.460411, 38.46667, 38.470939, 38.478238, 38.483447, 38.48668, 38.497119, 38.498351, 38.480598, 38.485299, 38.480855, 38.492945, 38.4898, 38.49863, 38.493888, 38.493122, 38.4964, 38.496943, 38.492708, 38.494065, 38.488747, 38.456385, 38.448206, 38.44611, 38.436889, 38.42619, 38.422075, 38.424576, 38.422142, 38.435918, 38.439183, 38.457602, 38.462494, 38.461542, 38.445265, 38.429033, 38.435373, 38.443988, 38.454599, 38.439531, 38.437952, 38.423983, 38.418082, 38.401419, 38.411622, 38.421543, 38.431581, 
38.440479, 38.459885, 38.464306, 38.459757, 38.46351, 38.466804, 38.470497, 38.381162, 38.292034, 38.272685, 38.256879, 38.416115, 38.473797, 38.499924, 38.765119, 38.919058, 38.999926, 39.015944, 39.073654))
"32","033","CT","970100","32033970100","1400000US32033970100","9701","Census Tract 9701","White Pine County","NV",351,"Travel time to Screening Facility","Minutes",166.826054080999,NA,NA,"Minutes to Gastroenterology","int","SHAPE","167 min",list(c(-115.834969, -115.774715, -115.625884, -115.569775, -115.500879, -115.4831, -115.263729, -115.125868, -115.008234, -115.000864, -114.883763, -114.864346, -114.634236, -114.529719, -114.375849, -114.367311, -114.129385, -114.046682520363, -114.046555, -114.047133613292, -114.047273, -114.047728, -114.047923, -114.049104, -114.049465, -114.049168, -114.049883347847, -114.160307, -114.629524, -114.737495, -114.752376, -114.756029, -114.752055, -114.738306, -114.70652, -114.700379, -114.676704, 
-114.671639, -114.64555, -114.634349, -114.637195, -114.634578, -114.643039, -114.651326, -114.659615, -114.669997, -114.666172, -114.66627, -114.646985, -114.646512, -114.652354, -114.651197, -114.639743, -114.641448, -114.619338, -114.611044, -114.602611, -114.593256, -114.588383, -114.586706, -114.581511, -114.584525, -114.595134, -114.607167, -114.614222, -114.642277, -114.730744, -114.778707, -114.784325, -114.78488, -114.800946, -114.804227, -114.854145, -114.859463, -114.883924, -114.885123, 
-114.889106, -114.912802, -114.949527, -114.959498, -114.974919, -114.974847, -114.984686, -114.987493, -114.993714, -114.99292, -115.001834, -114.997048, -115.002486, -115.005232, -115.003948, -115.025753, -115.043752, -115.064971, -115.080962, -115.101688, -115.113484, -115.11277, -115.126918, -115.137498, -115.145232, -115.14228, -115.152198, -115.184658, -115.197426, -115.223578, -115.321506, -115.333052, -115.347809, -115.360197, -115.392395, -115.401387, -115.414901, -115.423596, -115.438058, 
-115.463938, -115.472624, -115.487221, -115.491455, -115.540606, -115.57682, -115.655231, -115.691246, -115.704324, -115.727641, -115.868179, -115.879074, -115.907233, -115.907659, -115.903167, -115.894784, -115.875886, -115.870268, -115.866566, -115.870264, -115.865214, -115.851773, -115.851164, -115.842154, -115.839954, -115.831739, -115.833335, -115.838173, -115.831601, -115.821741, -115.813476, -115.819166, -115.819344, -115.824573, -115.82751, -115.823111, -115.824009, -115.829621, -115.828604, 
-115.833492, -115.833101, -115.822927, -115.817404, -115.810054, -115.813916, -115.810113, -115.812518, -115.812471, -115.798717, -115.798565, -115.794864, -115.799111, -115.804832, -115.800987, -115.807786, -115.802359, -115.808966, -115.81806, -115.814775, -115.823586, -115.827503, -115.833361, -115.835653, -115.831511, -115.831485, -115.835301, -115.827178, -115.833246, -115.827653, -115.827259, -115.839067, -115.833147, -115.839729, -115.825356, -115.830643, -115.824056, -115.834969, 40.127842, 
40.12855, 40.127842, 40.1281, 40.127903, 40.127039, 40.122543, 40.122302, 40.122298, 40.122753, 40.121445, 40.122447, 40.120171, 40.119087, 40.117895, 40.117539, 40.116762, 40.1169354028727, 39.996899, 39.9060976857443, 39.759413, 39.542742, 39.455766, 39.005509, 38.874949, 38.749951, 38.677365, 38.677461, 38.6774, 38.677346, 38.711652, 38.723809, 38.738733, 38.75998, 38.792557, 38.797147, 38.805003, 38.820177, 38.842293, 38.868559, 38.883671, 38.908671, 38.921804, 38.923946, 38.939213, 38.949206, 
38.957929, 38.976906, 38.992663, 39.000567, 39.009742, 39.014734, 39.027488, 39.039796, 39.04718, 39.0457, 39.052427, 39.053175, 39.059136, 39.073258, 39.084698, 39.101784, 39.10153, 39.106242, 39.113018, 39.126046, 39.1428, 39.184569, 39.188344, 39.197642, 39.314458, 39.334893, 39.345862, 39.347364, 39.346052, 39.342436, 39.350193, 39.360907, 39.406801, 39.427493, 39.454345, 39.45898, 39.471807, 39.489828, 39.493711, 39.510047, 39.524314, 39.527396, 39.551973, 39.574574, 39.622682, 39.561325, 39.516722, 
39.511566, 39.499373, 39.507928, 39.497265, 39.490652, 39.480543, 39.482101, 39.472007, 39.449127, 39.427328, 39.429295, 39.422952, 39.413593, 39.361924, 39.356603, 39.356331, 39.352795, 39.349947, 39.364573, 39.371321, 39.38125, 39.383122, 39.39632, 39.398559, 39.394854, 39.38967, 39.396759, 39.409537, 39.419965, 39.414481, 39.400863, 39.392805, 39.368936, 39.369699, 39.379337, 39.464432, 39.455705, 39.461077, 39.465718, 39.470046, 39.479765, 39.487128, 39.49298, 39.500939, 39.508793, 39.511244, 
39.522191, 39.536717, 39.552078, 39.556187, 39.570236, 39.578157, 39.593521, 39.611988, 39.621885, 39.628875, 39.646043, 39.655763, 39.68594, 39.696753, 39.703979, 39.717951, 39.729412, 39.745156, 39.747181, 39.761854, 39.778684, 39.795829, 39.801594, 39.824535, 39.835088, 39.849812, 39.853104, 39.864971, 39.870865, 39.877379, 39.899178, 39.912821, 39.92361, 39.932781, 39.948902, 39.967572, 39.981992, 39.984962, 39.994689, 39.998058, 40.007928, 40.017371, 40.023404, 40.043201, 40.049257, 40.062571, 
40.084461, 40.087903, 40.098577, 40.106073, 40.112659, 40.121202, 40.127842))
"32","023","CT","960200","32023960200","1400000US32023960200","9602","Census Tract 9602","Nye County","NV",104,"Travel time to Screening Facility","Minutes",187.506917802999,NA,NA,"Minutes to Gastroenterology","int","SHAPE","188 min",list(c(-115.893126, -115.893857, -115.894994, -115.898982, -116.06736, -116.067378, -116.17688, -116.176946, -116.220626, -116.221019, -116.329787, -116.328931, -116.375885, -116.422329, -116.465271, -116.486322, -116.622045, -116.625322, -116.921832, -116.932099, -117.097678, -117.09721, -117.108457, -117.122817, -117.135688, -117.145702, -117.153968, -117.165897, -117.16544, -117.165181, -117.165612, -117.219264, -117.241063, -117.24091, -117.250913, -117.40248, -117.449707, -117.403116, -117.415209, 
-117.390051, -117.452721, -117.420368, -117.401441, -117.322307, -117.316043, -117.303068, -117.295362, -117.279259, -117.252331, -117.232394, -117.206302, -117.199459, -117.18857, -117.170396, -117.161956, -117.152212, -117.143661, -117.142148, -117.131093, -117.130552, -117.134586, -117.125861, -117.121727, -117.122857, -117.112648, -117.097956, -117.079715, -117.064824, -117.04859, -117.014982, -116.990932, -116.979314, -116.971172, -116.956693, -116.947449, -116.936265, -116.914534, -116.891789, 
-116.873935, -116.857595, -116.835007, -116.827639, -116.811124, -116.802405, -116.779393, -116.766556, -116.753008, -116.745707, -116.735188, -116.719757, -116.713067, -116.694451, -116.678117, -116.663197, -116.644444, -116.594817, -116.567875, -116.544863, -116.518816, -116.50167, -116.478838, -116.46464, -116.44753, -116.429647, -116.422116, -116.413457, -116.400231, -116.38605, -116.378279, -116.364733, -116.359466, -116.342911, -116.341063, -116.340059, -116.301592, -116.298735, -116.275935, 
-116.256883, -116.249915, -116.229694, -116.209737, -116.19339, -116.193383, -116.186941, -116.182374, -116.184004, -116.178335, -116.177157, -116.167793, -116.153438, -116.124879, -116.103582, -116.023423, -115.979841, -115.939984, -115.916535, -115.905618, -115.893126, 38.050534, 38.050531, 37.711322, 37.723243, 37.720689, 37.722433, 37.722542, 37.718101, 37.718047, 37.804132, 37.803939, 37.886361, 37.884945, 37.885183, 37.884284, 37.885066, 37.886211, 37.885497, 37.887425, 37.88952, 37.888636, 
37.706289, 37.703885, 37.712953, 37.710518, 37.713389, 37.722657, 37.726192, 37.749932, 37.999933, 38.001692, 38.050348, 38.050116, 38.069902, 38.078386, 38.214292, 38.256879, 38.272685, 38.292034, 38.381162, 38.470497, 38.466804, 38.46351, 38.459757, 38.464306, 38.459885, 38.440479, 38.431581, 38.421543, 38.411622, 38.401419, 38.418082, 38.423983, 38.437952, 38.439531, 38.454599, 38.443988, 38.435373, 38.429033, 38.445265, 38.461542, 38.462494, 38.457602, 38.439183, 38.435918, 38.422142, 38.424576, 
38.422075, 38.42619, 38.436889, 38.44611, 38.448206, 38.456385, 38.488747, 38.494065, 38.492708, 38.496943, 38.4964, 38.493122, 38.493888, 38.49863, 38.4898, 38.492945, 38.480855, 38.485299, 38.480598, 38.498351, 38.497119, 38.48668, 38.483447, 38.478238, 38.470939, 38.46667, 38.460411, 38.472024, 38.496638, 38.513427, 38.529641, 38.531339, 38.52171, 38.533079, 38.531871, 38.54157, 38.534819, 38.535601, 38.530632, 38.531094, 38.526574, 38.527271, 38.518771, 38.519443, 38.510957, 38.488648, 38.450756, 
38.44727, 38.445406, 38.406901, 38.36743, 38.361274, 38.368212, 38.362573, 38.332467, 38.305015, 38.291236, 38.254257, 38.235254, 38.219824, 38.209067, 38.194023, 38.185718, 38.161997, 38.147675, 38.105934, 38.085325, 38.06852, 38.060564, 38.052486, 38.050534))
"32","033","CT","970200","32033970200","1400000US32033970200","9702","Census Tract 9702","White Pine County","NV",351,"Travel time to Screening Facility","Minutes",172.389840775,NA,NA,"Minutes to Gastroenterology","int","SHAPE","172 min",list(c(-115.907233, -115.879074, -115.868179, -115.727641, -115.704324, -115.691246, -115.655231, -115.57682, -115.540606, -115.491455, -115.487221, -115.472624, -115.463938, -115.438058, -115.423596, -115.414901, -115.401387, -115.392395, -115.360197, -115.347809, -115.333052, -115.321506, -115.223578, -115.197426, -115.184658, -115.152198, -115.14228, -115.145232, -115.137498, -115.126918, -115.11277, -115.113484, -115.101688, -115.080962, -115.064971, -115.043752, -115.025753, -115.003948, -115.005232, 
-115.002486, -114.997048, -115.001834, -114.99292, -114.993714, -114.987493, -114.984686, -114.974847, -114.974919, -114.959498, -114.949527, -114.912802, -114.889106, -114.885123, -114.88248, -114.939497, -114.948836, -114.963908, -114.973531, -114.975006, -114.981162, -114.984819, -114.98084, -114.976169, -114.967252, -114.955431, -114.936135, -114.929471, -114.915869, -114.901137, -114.894955, -114.894987, -114.873487, -114.859668, -114.845425, -114.851419, -114.850599, -114.858393, -114.859519, 
-114.854145, -114.804227, -114.800946, -114.78488, -114.784325, -114.778707, -114.730744, -114.642277, -114.614222, -114.607167, -114.595134, -114.584525, -114.581511, -114.586706, -114.588383, -114.593256, -114.602611, -114.611044, -114.619338, -114.641448, -114.639743, -114.651197, -114.652354, -114.646512, -114.646985, -114.66627, -114.666172, -114.669997, -114.659615, -114.651326, -114.643039, -114.634578, -114.637195, -114.634349, -114.64555, -114.671639, -114.676704, -114.700379, -114.70652, 
-114.738306, -114.752055, -114.756029, -114.752376, -114.737495, -115.000846, -115.122877, -115.12585, -115.599878, -115.601585, -115.742633, -115.750827, -115.869545, -115.907071, -115.907233, 39.379337, 39.369699, 39.368936, 39.392805, 39.400863, 39.414481, 39.419965, 39.409537, 39.396759, 39.38967, 39.394854, 39.398559, 39.39632, 39.383122, 39.38125, 39.371321, 39.364573, 39.349947, 39.352795, 39.356331, 39.356603, 39.361924, 39.413593, 39.422952, 39.429295, 39.427328, 39.449127, 39.472007, 39.482101, 
39.480543, 39.490652, 39.497265, 39.507928, 39.499373, 39.511566, 39.516722, 39.561325, 39.622682, 39.574574, 39.551973, 39.527396, 39.524314, 39.510047, 39.493711, 39.489828, 39.471807, 39.45898, 39.454345, 39.427493, 39.406801, 39.360907, 39.350193, 39.342436, 39.327034, 39.288228, 39.290849, 39.282945, 39.28151, 39.269981, 39.26685, 39.25389, 39.240901, 39.237145, 39.2197, 39.222999, 39.220114, 39.225693, 39.228636, 39.226631, 39.237733, 39.247735, 39.251843, 39.256252, 39.281458, 39.290236, 39.298747, 
39.307832, 39.342242, 39.345862, 39.334893, 39.314458, 39.197642, 39.188344, 39.184569, 39.1428, 39.126046, 39.113018, 39.106242, 39.10153, 39.101784, 39.084698, 39.073258, 39.059136, 39.053175, 39.052427, 39.0457, 39.04718, 39.039796, 39.027488, 39.014734, 39.009742, 39.000567, 38.992663, 38.976906, 38.957929, 38.949206, 38.939213, 38.923946, 38.921804, 38.908671, 38.883671, 38.868559, 38.842293, 38.820177, 38.805003, 38.797147, 38.792557, 38.75998, 38.738733, 38.723809, 38.711652, 38.677346, 38.677322, 
38.743404, 38.744604, 38.999933, 38.999933, 39.074647, 39.079636, 39.142617, 39.161848, 39.379337))
"32","033","CT","970300","32033970300","1400000US32033970300","9703","Census Tract 9703","White Pine County","NV",351,"Travel time to Screening Facility","Minutes",170.625092983999,NA,NA,"Minutes to Gastroenterology","int","SHAPE","171 min",list(c(-114.885123, -114.883924, -114.859463, -114.854145, -114.859519, -114.858393, -114.850599, -114.851419, -114.845425, -114.859668, -114.873487, -114.894987, -114.894955, -114.901137, -114.915869, -114.929471, -114.936135, -114.955431, -114.967252, -114.976169, -114.98084, -114.984819, -114.981162, -114.975006, -114.973531, -114.963908, -114.948836, -114.939497, -114.88248, -114.885123, 39.342436, 39.346052, 39.347364, 39.345862, 39.342242, 39.307832, 39.298747, 39.290236, 39.281458, 39.256252, 
39.251843, 39.247735, 39.237733, 39.226631, 39.228636, 39.225693, 39.220114, 39.222999, 39.2197, 39.237145, 39.240901, 39.25389, 39.26685, 39.269981, 39.28151, 39.282945, 39.290849, 39.288228, 39.327034, 39.342436))
"32","009","CT","950100","32009950100","1400000US32009950100","9501","Census Tract 9501","Esmeralda County","NV",360,"Travel time to Screening Facility","Minutes",227.377772824999,NA,NA,"Minutes to Gastroenterology","int","SHAPE","227 min",list(c(-117.691021, -117.625934, -117.449707, -117.40248, -117.250913, -117.24091, -117.241063, -117.219264, -117.165612, -117.165181, -117.16544, -117.165897, -117.165988, -117.165195, -117.166000489853, -117.244917, -117.266046, -117.375905, -117.500117, -117.581418, -117.68061, -117.712358, -117.875927, -117.904625, -117.975776, -118.039849, -118.052189, -118.250947, -118.427800363848, -118.415027, -118.351484, -118.250953, -118.234433, -118.125951, -118.077762, -117.998476, -117.691021, 38.473797, 
38.416115, 38.256879, 38.214292, 38.078386, 38.069902, 38.050116, 38.050348, 38.001692, 37.999933, 37.749932, 37.726192, 37.499932, 37.429591, 36.9712239643835, 37.030244, 37.04491, 37.126843, 37.22038, 37.278936, 37.353399, 37.374931, 37.497267, 37.515836, 37.569293, 37.615245, 37.62493, 37.768616, 37.8962298945818, 37.893887, 37.893705, 37.983062, 37.99993, 38.093682, 38.137681, 38.205993, 38.473797))
"49","047","CT","968404","49047968404","1400000US49047968404","9684.04","Census Tract 9684.04","Uintah County","UT",604,"Travel time to Screening Facility","Minutes",167.793548025,NA,NA,"Minutes to Gastroenterology","int","SHAPE","168 min",list(c(-109.528369, -109.499774, -109.499283, -109.537581, -109.53793, -109.528369, 40.448413, 40.448717, 40.419416, 40.419087, 40.448287, 40.448413))
"49","041","CT","975500","49041975500","1400000US49041975500","9755","Census Tract 9755","Sevier County","UT",604,"Travel time to Screening Facility","Minutes",151.896956273,NA,NA,"Minutes to Gastroenterology","int","SHAPE","152 min",list(c(-112.515394, -112.503148, -112.503074, -112.484788, -112.484444, -112.475185, -112.475341, -112.466156, -112.466001, -112.447667, -112.447517, -112.401176, -112.384245, -112.356539, -112.356637, -112.309953, -112.30994, -112.291329, -112.28226, -112.28235, -112.273297, -112.255438, -112.255359, -112.24147, -112.23664, -112.218356, -112.219116, -112.210696, -112.19111, -112.177067, -112.170803, -112.152914, -112.156173, -112.148111, -112.137296, -112.131756, -112.127318, -112.129389, -112.113835, 
-112.114074, -112.121685, -112.121266, -112.106607, -112.098792, -112.087837, -112.082027, -112.057973, -112.044264, -112.04227, -112.029653, -111.996861, -111.986648, -111.974236, -111.967871, -111.954057, -111.939625, -111.947875, -111.944472, -111.953307, -111.950448, -111.960629, -111.969826, -111.978522, -111.963137, -111.971248, -111.971337, -111.979275, -112.061965, -112.062155, -112.288397, -112.518495, -112.522539, -112.515803, -112.517635, -112.515406, -112.518421, -112.515394, 38.572845, 
38.571377, 38.600568, 38.600632, 38.644647, 38.644675, 38.659257, 38.659267, 38.673917, 38.673923, 38.68127, 38.680972, 38.68331, 38.683855, 38.67674, 38.67629, 38.68341, 38.683298, 38.686874, 38.701527, 38.704999, 38.705047, 38.712306, 38.712524, 38.727104, 38.727361, 38.751251, 38.754758, 38.754831, 38.750568, 38.752457, 38.745102, 38.733052, 38.712863, 38.710238, 38.721004, 38.715547, 38.702298, 38.702425, 38.695138, 38.688473, 38.677372, 38.679882, 38.687428, 38.691336, 38.689276, 38.660555, 
38.654693, 38.645563, 38.632059, 38.616895, 38.624114, 38.624469, 38.612515, 38.606878, 38.59128, 38.586396, 38.58145, 38.573877, 38.566786, 38.562962, 38.564479, 38.556968, 38.538266, 38.524521, 38.512226, 38.501913, 38.50209, 38.510476, 38.511347, 38.510413, 38.521344, 38.530617, 38.546197, 38.556441, 38.567702, 38.572845))
"49","047","CT","968302","49047968302","1400000US49047968302","9683.02","Census Tract 9683.02","Uintah County","UT",604,"Travel time to Screening Facility","Minutes",170.582237488,NA,NA,"Minutes to Gastroenterology","int","SHAPE","171 min",list(c(-109.913914, -109.897014, -109.892534, -109.883131, -109.869985, -109.834146, -109.831706, -109.817188, -109.790597, -109.764632, -109.755545, -109.752603, -109.731856, -109.720262, -109.700217, -109.675862, -109.66308, -109.654817, -109.644672, -109.635637, -109.630821, -109.619943, -109.614695, -109.601738, -109.592911, -109.586765, -109.573701, -109.569557, -109.529546, -109.513944, -109.511463, -109.518804, -109.515374, -109.51601, -109.513234, -109.484213, -109.472105, -109.469122, -109.478968, 
-109.490461, -109.503792, -109.514988, -109.516623, -109.509883, -109.501958, -109.480427, -109.491026, -109.473145, -109.477278, -109.46608, -109.469103, -109.480545, -109.494657, -109.524047, -109.522248, -109.529131, -109.52889, -109.538507, -109.539466, -109.609658, -109.623968, -109.656098, -109.665796, -109.668879, -109.700241, -109.732056, -109.760012, -109.767585, -109.77594, -109.76637, -109.768103, -109.753693, -109.755582, -109.74033, -109.728605, -109.780879, -109.772833, -109.780313, 
-109.797925, -109.817181, -109.849374, -109.889888, -109.882325, -109.88515, -109.876605, -109.882063, -109.890973, -109.911388, -109.890789, -109.909083, -109.909957, -109.918482, -109.927775, -109.948433, -109.962663, -109.954544, -109.953908, -109.947102, -109.955163, -109.937099, -109.937818, -109.921691, -109.913914, 40.782447, 40.782091, 40.772711, 40.774967, 40.764002, 40.768415, 40.775809, 40.779246, 40.782326, 40.782668, 40.79488, 40.802947, 40.794609, 40.801795, 40.803388, 40.795173, 40.800408, 
40.799236, 40.808597, 40.810334, 40.815853, 40.812675, 40.818155, 40.815211, 40.817689, 40.824329, 40.821101, 40.814722, 40.827623, 40.808326, 40.795971, 40.782463, 40.776595, 40.766104, 40.751682, 40.740466, 40.746109, 40.723817, 40.714656, 40.714806, 40.69952, 40.69491, 40.689115, 40.678671, 40.67213, 40.662313, 40.653634, 40.622711, 40.614979, 40.601165, 40.587091, 40.574352, 40.569963, 40.549326, 40.51882, 40.504045, 40.477667, 40.477581, 40.462869, 40.462474, 40.450449, 40.431609, 40.428648, 
40.421013, 40.409245, 40.411763, 40.416255, 40.40347, 40.404236, 40.413341, 40.420688, 40.455096, 40.462588, 40.475795, 40.498732, 40.503389, 40.523632, 40.527828, 40.532738, 40.534671, 40.540917, 40.550899, 40.567316, 40.577562, 40.584735, 40.593799, 40.599056, 40.606865, 40.624156, 40.656535, 40.679027, 40.68958, 40.687885, 40.695642, 40.709232, 40.712815, 40.725018, 40.734951, 40.741568, 40.756267, 40.765245, 40.772988, 40.782447))
"49","037","CT","942100","49037942100","1400000US49037942100","9421","Census Tract 9421","San Juan County","UT",145,"Travel time to Screening Facility","Minutes",170.715654559999,NA,NA,"Minutes to Gastroenterology","int","SHAPE","171 min",list(c(-111.413013987341, -111.403482, -111.371438, -111.341392, -111.330476, -111.323858, -111.315084, -111.303414, -111.307183, -111.300172, -111.282856, -111.284449, -111.298255, -111.305838, -111.299758, -111.286154, -111.268179, -111.262312, -111.250988, -111.243183, -111.237358, -111.229927, -111.24456, -111.24778, -111.241447, -111.230234, -111.226007, -111.218216, -111.187358, -111.179927, -111.166528, -111.152901, -111.139159, -111.132248, -111.122183, -111.101456, -111.09142, -111.077963, 
-111.069234, -111.060955, -111.058283, -111.049071, -111.04247, -111.022516, -111.012184, -110.99875, -110.987347, -110.98226, -110.984588, -110.978689, -110.961815, -110.950653, -110.95571, -110.949576, -110.937001, -110.928284, -110.924845, -110.92508, -110.918372, -110.90887, -110.901272, -110.87769, -110.874723, -110.856046, -110.836134, -110.827884, -110.817318, -110.802219, -110.784579, -110.76807, -110.757667, -110.753043, -110.735507, -110.72529, -110.720602, -110.702153, -110.700349, -110.689417, 
-110.684459, -110.676528, -110.675394, -110.657639, -110.649071, -110.651433, -110.656815, -110.665011, -110.658809, -110.672497, -110.682161, -110.70516, -110.708278, -110.700744, -110.684814, -110.6726, -110.660637, -110.655098, -110.653693, -110.646058, -110.627201, -110.622201, -110.613505, -110.604601, -110.586768, -110.582634, -110.563893, -110.556975, -110.541117, -110.532285, -110.521256, -110.513287, -110.514074, -110.509132, -110.501284, -110.489996, -110.477839, -110.465462, -110.457728, 
-110.445419, -110.426737, -110.420749, -110.412657, -110.408981, -110.403362, -110.38639, -110.350656, -110.350363, -110.342058, -110.311671, -110.307373, -110.293159, -110.281874, -110.26019, -110.232087, -110.218852, -110.207961, -110.195826, -110.167819, -110.154293, -110.14853, -110.154657, -110.150023, -110.13235, -110.115109, -110.108728, -110.099951, -110.092884, -110.076853, -110.076134, -110.06296, -110.050025, -110.041758, -110.043287, -110.035789, -110.027938, -110.021082, -110.011077, 
-110.009502, -109.999176, -110.00752, -109.997367, -109.991179, -109.979932, -109.986597, -109.982452, -109.972722, -109.958686, -109.964295, -109.943239, -109.93253, -109.924703, -109.916294, -109.914195, -109.904447, -109.89486, -109.885976, -109.891931, -109.884473, -109.875251, -109.856821, -109.844624, -109.829661, -109.840024, -109.853088, -109.843283, -109.833558, -109.815519, -109.806214, -109.786519, -109.77434, -109.76864, -109.762063, -109.753044, -109.745721, -109.731915, -109.725514, 
-109.715916, -109.703914, -109.695542, -109.704156, -109.701104, -109.705785, -109.71847, -109.717935, -109.730882, -109.736744, -109.727954, -109.719479, -109.710826, -109.701196, -109.710502, -109.705485, -109.722565, -109.729564, -109.726509, -109.72092, -109.719845, -109.712734, -109.710818, -109.718952, -109.702726, -109.702518, -109.707862, -109.701443, -109.703941, -109.709765300917, -109.875673, -110.000682037916, -110.021778, -110.275977060472, -110.47019, -110.490908, -110.50069, -110.599512, 
-110.62569, -110.75069, -111.066496, -111.133718, -111.254853, -111.278286, -111.413013987341, 37.0014775769675, 37.005194, 37.001589, 37.010784, 37.020708, 37.020258, 37.012344, 37.016016, 37.023708, 37.030398, 37.039243, 37.044461, 37.043532, 37.056858, 37.066755, 37.059622, 37.054073, 37.047498, 37.02559, 37.021239, 37.024401, 37.039317, 37.045652, 37.051977, 37.065877, 37.066382, 37.057934, 37.056678, 37.088632, 37.101111, 37.105664, 37.092752, 37.088613, 37.093417, 37.107904, 37.102805, 37.105092, 
37.102655, 37.107208, 37.105977, 37.100007, 37.099623, 37.10764, 37.111057, 37.115687, 37.111217, 37.112343, 37.116254, 37.124634, 37.127373, 37.123551, 37.133895, 37.149492, 37.152811, 37.147982, 37.154878, 37.164517, 37.17779, 37.177907, 37.172357, 37.175111, 37.176257, 37.168454, 37.167715, 37.170974, 37.159529, 37.158843, 37.167997, 37.166132, 37.169715, 37.16976, 37.173731, 37.174039, 37.189176, 37.180473, 37.163426, 37.17418, 37.172252, 37.167735, 37.170405, 37.178724, 37.186342, 37.193731, 
37.210414, 37.221752, 37.223551, 37.236314, 37.242642, 37.2425, 37.249527, 37.260619, 37.266654, 37.259929, 37.25068, 37.255551, 37.253308, 37.241357, 37.239432, 37.228779, 37.2205, 37.214635, 37.201857, 37.201005, 37.205358, 37.207491, 37.217948, 37.216386, 37.219399, 37.216376, 37.222074, 37.237681, 37.248279, 37.255479, 37.258271, 37.253671, 37.260845, 37.262336, 37.249907, 37.247835, 37.258919, 37.258528, 37.290265, 37.292242, 37.288367, 37.283368, 37.289863, 37.295355, 37.304068, 37.295391, 
37.28501, 37.285277, 37.297259, 37.294314, 37.303615, 37.317843, 37.319981, 37.317062, 37.320653, 37.31598, 37.307004, 37.3022, 37.297853, 37.290911, 37.280913, 37.272999, 37.257539, 37.253306, 37.243666, 37.240227, 37.246737, 37.242944, 37.232505, 37.218558, 37.215474, 37.225988, 37.227693, 37.220247, 37.213926, 37.206933, 37.201185, 37.212633, 37.210028, 37.201734, 37.195988, 37.200107, 37.19056, 37.182328, 37.156215, 37.156309, 37.161759, 37.161521, 37.176746, 37.172744, 37.175515, 37.164599, 
37.159448, 37.154275, 37.154723, 37.144247, 37.158856, 37.165172, 37.175087, 37.183078, 37.185427, 37.179643, 37.17948, 37.190166, 37.188883, 37.181501, 37.195427, 37.202726, 37.203486, 37.213878, 37.191599, 37.19109, 37.199026, 37.20327, 37.193172, 37.182645, 37.173194, 37.165646, 37.164976, 37.160069, 37.156829, 37.137418, 37.130313, 37.128309, 37.131908, 37.118335, 37.115002, 37.104974, 37.103028, 37.094268, 37.081316, 37.074761, 37.062771, 37.059595, 37.050436, 37.04737, 37.040133, 37.032998, 
37.028232, 37.022892, 37.009308, 36.9983739309653, 36.998504, 36.9979815188302, 36.998602, 36.9982590331936, 36.997997, 37.003566, 37.00426, 37.003448, 37.003721, 37.003197, 37.002389, 37.000779, 37.001077, 37.000465, 37.0014775769675))
"49","055","CT","979100","49055979100","1400000US49055979100","9791","Census Tract 9791","Wayne County","UT",145,"Travel time to Screening Facility","Minutes",169.632317332,NA,NA,"Minutes to Gastroenterology","int","SHAPE","170 min",list(c(-111.766393, -111.756302, -111.473346, -111.305665, -111.305701, -111.249594, -110.833423, -110.025285, -110.019524, -110.005043, -110.002502, -110.011124, -110.010662, -110.018136, -110.034107, -110.043449, -110.044318, -110.027026, -110.003241, -110.004451, -110.017304, -110.031314, -110.02025, -110.001161, -109.988044, -109.978353, -109.972322, -109.973002, -109.979561, -109.986996, -109.983714, -109.963664, -109.954466, -109.953264, -109.940795, -109.948737, -109.965598, -109.963349, -109.951587, 
-109.946042, -109.950764, -109.946594, -109.936264, -109.927771, -109.936198, -109.924053, -109.911254, -109.903546, -109.901791, -109.905786, -109.917595, -109.913923, -109.901417, -109.896007, -109.88863, -109.916276, -109.918535, -109.899146, -109.891686, -109.902188, -109.89832, -109.885926, -109.889969, -109.90354, -109.913838, -109.932573, -109.927974, -110.880977, -111.114538, -111.186741, -111.41411, -111.414163, -111.506963, -111.635195, -111.635217, -111.843215, -111.845195, -111.848761, 
-111.838401, -111.834026, -111.828193, -111.823569, -111.766393, 38.502243, 38.510147, 38.510103, 38.510169, 38.499998, 38.499978, 38.49998, 38.499982, 38.492753, 38.484637, 38.473039, 38.458315, 38.449741, 38.446199, 38.459761, 38.456664, 38.449011, 38.447702, 38.416086, 38.41178, 38.405391, 38.384437, 38.383064, 38.370391, 38.385901, 38.389481, 38.38328, 38.375916, 38.365023, 38.360041, 38.352037, 38.339596, 38.345801, 38.354194, 38.353023, 38.337593, 38.330322, 38.319492, 38.314535, 38.307654, 
38.293921, 38.288062, 38.286004, 38.27732, 38.265496, 38.260987, 38.27059, 38.264709, 38.256807, 38.251789, 38.246545, 38.238774, 38.242916, 38.240617, 38.230156, 38.227274, 38.216759, 38.207053, 38.201179, 38.19464, 38.188008, 38.189404, 38.181111, 38.178368, 38.167622, 38.157245, 38.151751, 38.152158, 38.152357, 38.15291, 38.153786, 38.150061, 38.149986, 38.150138, 38.151183, 38.151233, 38.296989, 38.424933, 38.428833, 38.43977, 38.442907, 38.457218, 38.502243))
"49","017","CT","000400","49017000400","1400000US49017000400","4","Census Tract 4","Garfield County","UT",538,"Travel time to Screening Facility","Minutes",199.813912240999,NA,NA,"Minutes to Gastroenterology","int","SHAPE","200 min",list(c(-112.126281, -112.061185, -112.061119, -111.951281, -111.951247, -111.843215, -111.635217, -111.635195, -111.506963, -111.414163, -111.41411, -111.186741, -111.114538, -110.880977, -109.927974, -109.929292, -109.955868, -109.963454, -109.981806, -109.98655, -109.994144, -110.003603, -110.013571, -110.026283, -110.047122, -110.04288, -110.047306, -110.054774, -110.067649, -110.076801, -110.074148, -110.076563, -110.093116, -110.113567, -110.136293, -110.14557, -110.161226, -110.165747, -110.188757, 
-110.201849, -110.205779, -110.198407, -110.205133, -110.216323, -110.229409, -110.24752, -110.262465, -110.27421, -110.278505, -110.277265, -110.284149, -110.291093, -110.294591, -110.298102, -110.343512, -110.357579, -110.389467, -110.404221, -110.403076, -110.406238, -110.424712, -110.433025, -110.438852, -110.450859, -110.471058, -110.476961, -110.471932, -110.463971, -110.445776, -110.428731, -110.429194, -110.444769, -110.447336, -110.448468, -110.453564, -110.468312, -110.469124, -110.475926, 
-110.488351, -110.483551, -110.486338, -110.493565, -110.500734, -110.510987, -110.522275, -110.535045, -110.541597, -110.553189, -110.563585, -110.567389, -110.582728, -110.599502, -110.603931, -110.598407, -110.606109, -110.619867, -110.637253, -110.646731, -110.854067, -111.514625, -111.514625, -111.840818, -111.840809, -112.051028, -112.164918, -112.164918, -112.27743, -112.276779, -112.27143, -112.263961, -112.263524, -112.251972, -112.250924, -112.243446, -112.238235, -112.226659, -112.230451, 
-112.228669, -112.243824, -112.239595, -112.261616, -112.269405, -112.268859, -112.257651, -112.253093, -112.252388, -112.265557, -112.277383, -112.275298, -112.280677, -112.281337, -112.278261, -112.28071, -112.278917, -112.270435, -112.257555, -112.251909, -112.25553, -112.247125, -112.232008, -112.231301, -112.221658, -112.22389, -112.232058, -112.227841, -112.211812, -112.201523, -112.203468, -112.196578, -112.180913, -112.158327, -112.155452, -112.167121, -112.162407, -112.154259, -112.140153, 
-112.140784, -112.125974, -112.129113, -112.124786, -112.126281, 38.149658, 38.149493, 38.145769, 38.146087, 38.151231, 38.151233, 38.151183, 38.150138, 38.149986, 38.150061, 38.153786, 38.15291, 38.152357, 38.152158, 38.151751, 38.140352, 38.130481, 38.11529, 38.107637, 38.100656, 38.100389, 38.108468, 38.108128, 38.096978, 38.069111, 38.05823, 38.048704, 38.048516, 38.038443, 38.021586, 38.011484, 37.999655, 37.994688, 38.008215, 38.005153, 37.990638, 37.9821, 37.967638, 37.952201, 37.946877, 37.934451, 
37.915925, 37.898259, 37.892594, 37.895727, 37.896426, 37.899282, 37.893939, 37.88502, 37.870542, 37.86588, 37.869089, 37.88555, 37.888869, 37.890893, 37.892936, 37.887716, 37.880946, 37.85154, 37.84851, 37.842905, 37.834049, 37.805812, 37.809808, 37.808788, 37.800017, 37.784379, 37.772572, 37.772524, 37.779288, 37.770809, 37.761402, 37.755915, 37.737935, 37.731771, 37.724574, 37.714843, 37.70764, 37.702323, 37.695159, 37.674369, 37.667919, 37.650401, 37.656726, 37.651148, 37.633911, 37.633667, 37.641629, 
37.636535, 37.613745, 37.608131, 37.60494, 37.596464, 37.572501, 37.564712, 37.563568, 37.552973, 37.540566, 37.540601, 37.540145, 37.539594, 37.539709, 37.535795, 37.535801, 37.535904, 37.536827, 37.536873, 37.545873, 37.551591, 37.571184, 37.578192, 37.595017, 37.606853, 37.621082, 37.641385, 37.653822, 37.666554, 37.675343, 37.702169, 37.71758, 37.720471, 37.732116, 37.754672, 37.755126, 37.768198, 37.809862, 37.821331, 37.825854, 37.836097, 37.853333, 37.867169, 37.878622, 37.884823, 37.900137, 
37.90633, 37.903413, 37.911163, 37.916775, 37.930285, 37.945861, 37.95815, 37.973272, 37.98464, 37.992305, 38.007814, 38.018047, 38.019335, 38.026778, 38.040277, 38.047573, 38.052772, 38.06202, 38.076022, 38.086695, 38.08905, 38.104539, 38.109201, 38.128208, 38.131989, 38.140746, 38.149658))
"49","017","CT","000300","49017000300","1400000US49017000300","3","Census Tract 3","Garfield County","UT",538,"Travel time to Screening Facility","Minutes",152.165491005999,NA,NA,"Minutes to Gastroenterology","int","SHAPE","152 min",list(c(-112.478822, -112.46243, -112.444214, -112.307358, -112.160363, -112.126281, -112.124786, -112.129113, -112.125974, -112.140784, -112.140153, -112.154259, -112.162407, -112.167121, -112.155452, -112.158327, -112.180913, -112.196578, -112.203468, -112.201523, -112.211812, -112.227841, -112.232058, -112.22389, -112.221658, -112.231301, -112.232008, -112.247125, -112.25553, -112.251909, -112.257555, -112.270435, -112.278917, -112.28071, -112.278261, -112.281337, -112.280677, -112.275298, -112.277383, 
-112.265557, -112.252388, -112.253093, -112.257651, -112.268859, -112.269405, -112.261616, -112.239595, -112.243824, -112.228669, -112.230451, -112.226659, -112.238235, -112.243446, -112.250924, -112.251972, -112.263524, -112.263961, -112.27143, -112.276779, -112.27743, -112.36117, -112.361167, -112.558429, -112.567722, -112.667081, -112.68375, -112.6836, -112.686778, -112.685757, -112.689121, -112.689297, -112.642734, -112.57855, -112.57847, -112.58856, -112.588517, -112.4683, -112.467021, -112.478965, 
-112.478656, -112.478822, 38.147419, 38.150001, 38.150001, 38.149843, 38.150151, 38.149658, 38.140746, 38.131989, 38.128208, 38.109201, 38.104539, 38.08905, 38.086695, 38.076022, 38.06202, 38.052772, 38.047573, 38.040277, 38.026778, 38.019335, 38.018047, 38.007814, 37.992305, 37.98464, 37.973272, 37.95815, 37.945861, 37.930285, 37.916775, 37.911163, 37.903413, 37.90633, 37.900137, 37.884823, 37.878622, 37.867169, 37.853333, 37.836097, 37.825854, 37.821331, 37.809862, 37.768198, 37.755126, 37.754672, 
37.732116, 37.720471, 37.71758, 37.702169, 37.675343, 37.666554, 37.653822, 37.641385, 37.621082, 37.606853, 37.595017, 37.578192, 37.571184, 37.551591, 37.545873, 37.536873, 37.536859, 37.542805, 37.542527, 37.542941, 37.54312, 37.543692, 37.631834, 37.660331, 37.717338, 37.717213, 37.80559, 37.806682, 37.80454, 37.882147, 37.882152, 37.890367, 37.890463, 37.97773, 37.977731, 37.999974, 38.147419))
"49","047","CT","968301","49047968301","1400000US49047968301","9683.01","Census Tract 9683.01","Uintah County","UT",604,"Travel time to Screening Facility","Minutes",163.503700535999,NA,NA,"Minutes to Gastroenterology","int","SHAPE","164 min",list(c(-109.77594, -109.767585, -109.760012, -109.732056, -109.700241, -109.668879, -109.665796, -109.656098, -109.623968, -109.609658, -109.539466, -109.538042, -109.545758, -109.573738, -109.591213, -109.59546, -109.613475, -109.618307, -109.633123, -109.684589, -109.693706, -109.682268, -109.68521, -109.684314, -109.752455, -109.807601, -109.815033, -109.805809, -109.77594, 40.404236, 40.40347, 40.416255, 40.411763, 40.409245, 40.421013, 40.428648, 40.431609, 40.450449, 40.462474, 40.462869, 40.455599, 
40.453872, 40.432511, 40.403083, 40.391213, 40.367517, 40.355225, 40.337321, 40.324184, 40.319723, 40.280716, 40.263727, 40.247258, 40.247117, 40.345861, 40.360482, 40.375344, 40.404236))
"49","047","CT","968201","49047968201","1400000US49047968201","9682.01","Census Tract 9682.01","Uintah County","UT",604,"Travel time to Screening Facility","Minutes",177.151066237,NA,NA,"Minutes to Gastroenterology","int","SHAPE","177 min",list(c(-109.472105, -109.470606, -109.436537, -109.44115, -109.4342, -109.414953, -109.394465, -109.394491, -109.202158, -109.201412, -109.163425, -109.16181, -109.161063, -109.123457, -109.123348, -109.048372974241, -109.048044, -109.050074, -109.050946, -109.05093571823, -109.266422, -109.26578, -109.373292, -109.379373, -109.424044, -109.438384, -109.448562, -109.465266, -109.476685, -109.486907, -109.484461, -109.497693, -109.499283, -109.499774, -109.500004, -109.524383, -109.52889, -109.529131, 
-109.522248, -109.524047, -109.494657, -109.480545, -109.469103, -109.46608, -109.477278, -109.473145, -109.491026, -109.480427, -109.501958, -109.509883, -109.516623, -109.514988, -109.503792, -109.490461, -109.478968, -109.469122, -109.472105, 40.746109, 40.753916, 40.757698, 40.765323, 40.777258, 40.786819, 40.791032, 40.858166, 40.858412, 40.785747, 40.785955, 40.77155, 40.683765, 40.684128, 40.662385, 40.662608858969, 40.619231, 40.540358, 40.444368, 40.173054017608, 40.172629, 40.251435, 40.251749, 
40.250494, 40.249378, 40.261711, 40.262589, 40.275629, 40.293741, 40.324706, 40.343388, 40.356299, 40.419416, 40.448717, 40.464297, 40.472645, 40.477667, 40.504045, 40.51882, 40.549326, 40.569963, 40.574352, 40.587091, 40.601165, 40.614979, 40.622711, 40.653634, 40.662313, 40.67213, 40.678671, 40.689115, 40.69491, 40.69952, 40.714806, 40.714656, 40.723817, 40.746109))
"49","047","CT","968403","49047968403","1400000US49047968403","9684.03","Census Tract 9684.03","Uintah County","UT",604,"Travel time to Screening Facility","Minutes",167.450881654,NA,NA,"Minutes to Gastroenterology","int","SHAPE","167 min",list(c(-109.59546, -109.591213, -109.573738, -109.545758, -109.538042, -109.528538, -109.528369, -109.53793, -109.537581, -109.556836, -109.556241, -109.59546, 40.391213, 40.403083, 40.432511, 40.453872, 40.455599, 40.455714, 40.448413, 40.448287, 40.419087, 40.418955, 40.391854, 40.391213))
"49","047","CT","968401","49047968401","1400000US49047968401","9684.01","Census Tract 9684.01","Uintah County","UT",604,"Travel time to Screening Facility","Minutes",167.254103162,NA,NA,"Minutes to Gastroenterology","int","SHAPE","167 min",list(c(-109.539466, -109.538507, -109.52889, -109.524383, -109.500004, -109.499774, -109.528369, -109.528538, -109.538042, -109.539466, 40.462869, 40.477581, 40.477667, 40.472645, 40.464297, 40.448717, 40.448413, 40.455714, 40.455599, 40.462869))
"49","047","CT","968202","49047968202","1400000US49047968202","9682.02","Census Tract 9682.02","Uintah County","UT",604,"Travel time to Screening Facility","Minutes",173.521482031999,NA,NA,"Minutes to Gastroenterology","int","SHAPE","174 min",list(c(-109.59546, -109.556241, -109.556836, -109.537581, -109.499283, -109.497693, -109.484461, -109.486907, -109.476685, -109.465266, -109.448562, -109.438384, -109.424044, -109.602825, -109.684314, -109.68521, -109.682268, -109.693706, -109.684589, -109.633123, -109.618307, -109.613475, -109.59546, 40.391213, 40.391854, 40.418955, 40.419087, 40.419416, 40.356299, 40.343388, 40.324706, 40.293741, 40.275629, 40.262589, 40.261711, 40.249378, 40.247379, 40.247258, 40.263727, 40.280716, 40.319723, 
40.324184, 40.337321, 40.355225, 40.367517, 40.391213))
"49","009","CT","960100","49009960100","1400000US49009960100","9601","Census Tract 9601","Daggett County","UT",649,"Travel time to Screening Facility","Minutes",171.097781537,NA,NA,"Minutes to Gastroenterology","int","SHAPE","171 min",list(c(-110.000708, -109.97553, -109.855299, -109.676421, -109.565094344212, -109.500694, -109.250735, -109.231985, -109.173682, -109.050076, -109.048455, -109.049088, -109.048372974241, -109.123348, -109.123457, -109.161063, -109.16181, -109.163425, -109.201412, -109.202158, -109.394491, -109.394465, -109.414953, -109.4342, -109.44115, -109.436537, -109.470606, -109.472105, -109.484213, -109.513234, -109.51601, -109.515374, -109.518804, -109.511463, -109.513944, -109.529546, -109.569557, -109.573701, 
-109.586765, -109.592911, -109.601738, -109.614695, -109.619943, -109.630821, -109.635637, -109.644672, -109.654817, -109.66308, -109.675862, -109.700217, -109.720262, -109.731856, -109.752603, -109.755545, -109.764632, -109.790597, -109.817188, -109.831706, -109.834146, -109.869985, -109.883131, -109.892534, -109.897014, -109.913914, -109.932179, -109.962918, -109.970709, -109.976402, -109.987862, -109.993528, -110.000711, -110.000708, 40.997352, 40.997912, 40.997614, 40.998395, 40.9981967292678, 
40.999127, 41.001009, 41.002059, 41.000859, 41.000659, 40.826081, 40.714562, 40.662608858969, 40.662385, 40.684128, 40.683765, 40.77155, 40.785955, 40.785747, 40.858412, 40.858166, 40.791032, 40.786819, 40.777258, 40.765323, 40.757698, 40.753916, 40.746109, 40.740466, 40.751682, 40.766104, 40.776595, 40.782463, 40.795971, 40.808326, 40.827623, 40.814722, 40.821101, 40.824329, 40.817689, 40.815211, 40.818155, 40.812675, 40.815853, 40.810334, 40.808597, 40.799236, 40.800408, 40.795173, 40.803388, 40.801795, 
40.794609, 40.802947, 40.79488, 40.782668, 40.782326, 40.779246, 40.775809, 40.768415, 40.764002, 40.774967, 40.772711, 40.782091, 40.782447, 40.796691, 40.803401, 40.810641, 40.809686, 40.807618, 40.815133, 40.813678, 40.997352))
"49","015","CT","976500","49015976500","1400000US49015976500","9765","Census Tract 9765","Emery County","UT",604,"Travel time to Screening Facility","Minutes",168.123729808999,NA,NA,"Minutes to Gastroenterology","int","SHAPE","168 min",list(c(-111.29877, -111.298196, -111.299363, -111.299764, -111.299639, -111.294211, -111.281426, -111.272216, -111.260649, -111.260348, -111.254304, -111.241846, -111.229636, -111.220302, -111.196702, -111.18284, -111.176743, -111.165432, -111.142742, -111.122674, -111.113323, -111.105235, -111.083413, -111.067556, -111.056338, -111.036433, -111.030313, -111.007816, -110.993762, -110.975046, -110.96124, -110.957543, -110.943451, -110.915111, -110.91154, -110.906517, -110.882994, -110.87546, -110.839533, 
-110.829264, -110.823314, -110.807905, -110.791643, -110.776018, -110.759209, -110.748915, -110.729082, -110.721973, -110.703779, -110.692848, -110.679873, -110.663462, -110.666814, -110.664971, -110.657852, -110.644519, -110.636729, -110.63663, -110.625649, -110.60455, -110.584651, -110.527681, -110.504719, -110.490891, -110.478165, -110.457071, -110.446489, -110.433643, -110.424737, -110.417427, -110.41056, -110.411502, -110.398641, -110.384658, -110.378871, -110.36258, -110.35465, -110.35058, 
-110.338512, -110.33897, -110.343117, -110.354307, -110.368379, -110.369111, -110.383889, -110.390612, -110.400404, -110.404514, -110.41977, -110.43354, -110.424154, -110.450085, -110.459658, -110.458128, -110.464235, -110.471584, -110.478639, -110.497703, -110.501975, -110.508176, -110.512404, -110.547564, -110.560075, -110.57381, -110.577732, -110.598141, -110.6041, -110.609728, -110.619408, -110.628092, -110.639593, -110.63249, -110.636645, -110.634316, -110.6446, -110.603779, -110.066139, -110.023975, 
-110.021716, -110.015862, -110.023568, -110.020832, -110.023542, -110.010973, -110.010036, -110.01829, -110.020953, -110.018819, -110.025693, -110.018646, -110.022898, -110.031812, -110.036828, -110.047646, -110.059372, -110.055685, -110.062121, -110.049476, -110.052509, -110.067115, -110.073207, -110.077562, -110.074404, -110.061505, -110.063324, -110.053837, -110.061142, -110.072901, -110.078082, -110.072357, -110.080269, -110.089989, -110.098002, -110.105128, -110.099049, -110.115468, -110.112737, 
-110.103084, -110.099615, -110.111575, -110.115039, -110.109799, -110.118081, -110.117484, -110.128826, -110.140523, -110.144947, -110.139617, -110.139024, -110.148465, -110.156514, -110.153483, -110.139942, -110.142309, -110.153396, -110.149295, -110.137964, -110.150178, -110.13387, -110.133899, -110.09632, -110.096336, -110.059807, -110.059811, -110.041176, -110.041184, -110.022559, -110.022587, -110.003977, -110.003984, -110.041198, -110.041199, -110.05051, -110.050505, -110.069134, -110.069114, 
-110.096336, -110.1057, -110.119812, -110.147882, -110.149282, -110.1367, -110.152475, -110.140798, -110.13465, -110.138231, -110.173316, -110.178585, -110.178762, -110.166659, -110.159825, -110.162892, -110.152682, -110.144895, -110.137974, -110.137129, -110.14598, -110.135894, -110.120725, -110.122034, -110.112369, -110.106275, -110.104537, -110.118978, -110.121511, -110.108847, -110.091139, -110.081552, -110.101871, -110.112904, -110.112358, -110.10501, -110.09136, -110.086568, -110.101102, -110.08665, 
-110.093525, -110.088692, -110.075899, -110.068685, -110.074137, -110.070968, -110.059169, -110.055677, -110.060023, -110.051397, -110.047297, -110.040043, -110.036264, -110.046506, -110.049312, -110.042461, -110.049297, -110.061601, -110.068957, -110.064884, -110.052131, -110.03761, -110.026447, -110.020049, -110.015914, -110.011099, -109.998885, -109.99604, -109.997564, -110.009636, -110.018411, -110.025577, -110.033604, -110.051501, -110.058723, -110.055758, -110.043612, -110.03886, -110.026586, 
-110.020888, -110.017595, -110.010075, -109.995001, -109.987992, -109.992219, -109.999785, -110.00512, -109.993846, -110.000187, -110.01135, -110.015989, -110.023002, -110.033949, -110.044195, -110.044333, -110.025285, -110.833423, -111.249594, -111.305701, -111.305665, -111.30547, -111.306982, -111.307011, -111.299138, -111.29877, 38.789176, 39.017823, 39.032311, 39.117815, 39.211257, 39.211919, 39.200215, 39.200779, 39.191595, 39.184388, 39.180849, 39.185172, 39.193498, 39.192676, 39.182755, 39.180487, 
39.174521, 39.171861, 39.159556, 39.15463, 39.154154, 39.149153, 39.152789, 39.158093, 39.156407, 39.160678, 39.165812, 39.168238, 39.172715, 39.171733, 39.164382, 39.167898, 39.166043, 39.156579, 39.152571, 39.150895, 39.127403, 39.122688, 39.112409, 39.104635, 39.092765, 39.084592, 39.09049, 39.085597, 39.083399, 39.090707, 39.095073, 39.089108, 39.08224, 39.084603, 39.078763, 39.083348, 39.093794, 39.109781, 39.119244, 39.129117, 39.14472, 39.15474, 39.148756, 39.156734, 39.170099, 39.181391, 
39.175959, 39.176017, 39.178716, 39.169604, 39.17237, 39.169376, 39.176639, 39.174326, 39.180733, 39.190073, 39.191236, 39.197945, 39.197192, 39.209182, 39.195573, 39.203927, 39.195411, 39.252047, 39.264419, 39.261394, 39.266974, 39.275426, 39.289785, 39.290452, 39.310915, 39.31566, 39.322126, 39.324688, 39.335067, 39.333281, 39.341083, 39.358631, 39.360411, 39.354161, 39.359681, 39.349625, 39.360254, 39.360155, 39.345004, 39.369549, 39.366252, 39.374449, 39.389322, 39.400298, 39.414215, 39.418332, 
39.417139, 39.424226, 39.427646, 39.441434, 39.457396, 39.461594, 39.469506, 39.46972, 39.469257, 39.469268, 39.459807, 39.456245, 39.445421, 39.427953, 39.423178, 39.416949, 39.410062, 39.400036, 39.38989, 39.378888, 39.376698, 39.362713, 39.351517, 39.35106, 39.337806, 39.326393, 39.325781, 39.31871, 39.311761, 39.304778, 39.299166, 39.293937, 39.288349, 39.276859, 39.271459, 39.265932, 39.249461, 39.229317, 39.223632, 39.228885, 39.224772, 39.206822, 39.192995, 39.19349, 39.189899, 39.178131, 
39.167718, 39.155808, 39.147021, 39.14309, 39.136495, 39.130365, 39.122105, 39.114748, 39.101272, 39.096271, 39.090332, 39.088361, 39.077228, 39.070116, 39.060947, 39.040854, 39.036875, 39.030938, 39.02481, 39.020078, 39.016411, 39.010043, 39.004123, 38.997237, 38.994377, 39.001736, 39.001676, 38.986257, 38.986248, 38.993544, 38.993516, 38.978975, 38.978971, 38.964451, 38.964446, 38.949911, 38.949932, 38.957192, 38.957188, 38.964452, 38.964448, 38.978983, 38.978992, 38.983385, 38.97982, 38.97975, 
38.971886, 38.962654, 38.95029, 38.944446, 38.933794, 38.924359, 38.927037, 38.919243, 38.906894, 38.900411, 38.891247, 38.865663, 38.862571, 38.868596, 38.867883, 38.856766, 38.8428, 38.834498, 38.832263, 38.819955, 38.818611, 38.810774, 38.801547, 38.795502, 38.791258, 38.77847, 38.770588, 38.754824, 38.746908, 38.732731, 38.725694, 38.712575, 38.714664, 38.706147, 38.69354, 38.677122, 38.669799, 38.665229, 38.672324, 38.670158, 38.661477, 38.656726, 38.662129, 38.656753, 38.650475, 38.646233, 
38.658622, 38.65873, 38.651313, 38.641539, 38.634402, 38.622978, 38.615482, 38.619875, 38.615878, 38.608452, 38.605267, 38.609109, 38.60863, 38.612046, 38.622996, 38.623884, 38.616742, 38.608251, 38.59197, 38.587108, 38.5898, 38.599965, 38.604589, 38.591749, 38.581998, 38.57827, 38.577884, 38.572221, 38.576946, 38.574451, 38.563326, 38.561762, 38.569037, 38.563807, 38.555893, 38.551437, 38.539069, 38.525514, 38.522008, 38.524856, 38.513563, 38.513207, 38.518435, 38.516031, 38.507377, 38.499982, 38.49998, 
38.499978, 38.499998, 38.510169, 38.58565, 38.58565, 38.672331, 38.672329, 38.789176))
"56","037","CT","970700","56037970700","1400000US56037970700","9707","Census Tract 9707","Sweetwater County","WY",594,"Travel time to Screening Facility","Minutes",174.930820485999,NA,NA,"Minutes to Gastroenterology","int","SHAPE","175 min",list(c(-110.048895, -110.04013, -110.00669, -109.92006, -109.909713, -109.8785, -109.80552, -109.67771, -109.62035, -109.60683, -109.59372, -109.57163, -109.55299, -109.529288, -109.526256, -109.511497, -109.491504, -109.477056, -109.475706, -109.466417, -109.47422, -109.46402, -109.45785, -109.450858, -109.453147, -109.435206, -109.420461, -109.40993, -109.402019, -109.386929, -109.387909, -109.416933, -109.422879, -109.410958, -109.412204, -109.424541, -109.43744, -109.44893, -109.452318, -109.450068, 
-109.445093, -109.429444, -109.429127, -109.439139, -109.453628, -109.458174, -109.462114, -109.472777, -109.494116, -109.509732, -109.527096, -109.531714, -109.535221, -109.53095, -109.535184, -109.557956, -109.573445, -109.589912, -109.574135, -109.554492, -109.541965, -109.537721, -109.534443, -109.549893, -109.552855, -109.55394, -109.532139, -109.529934, -109.538301, -109.544291, -109.54726, -109.563795, -109.550819, -109.554899, -109.565903, -109.560045, -109.565094344212, -109.676421, -109.855299, 
-109.97553, -110.000708, -110.048482511407, -110.048989, -110.048895, 41.4649, 41.47013, 41.49913, 41.54219, 41.544417, 41.54193, 41.543079, 41.5426, 41.54547, 41.54755, 41.55462, 41.55865, 41.564575, 41.559911, 41.553065, 41.548745, 41.549296, 41.530815, 41.525454, 41.519084, 41.50982, 41.50329, 41.49088, 41.486316, 41.478188, 41.463391, 41.459955, 41.460648, 41.465875, 41.460614, 41.446047, 41.440609, 41.433435, 41.425935, 41.411464, 41.404132, 41.410836, 41.408983, 41.400592, 41.383687, 41.378849, 
41.374426, 41.366858, 41.354885, 41.353937, 41.335358, 41.329398, 41.323387, 41.320902, 41.326101, 41.324791, 41.321992, 41.308904, 41.28351, 41.278466, 41.264554, 41.249948, 41.224608, 41.217212, 41.213117, 41.204513, 41.181468, 41.172857, 41.163293, 41.156491, 41.135529, 41.116968, 41.10514, 41.097198, 41.084302, 41.069635, 41.056383, 41.04051, 41.032008, 41.025719, 41.013507, 40.9981967292678, 40.998395, 40.997614, 40.997912, 40.997352, 40.9975546383386, 41.229152, 41.4649))
"56","043","CT","000301","56043000301","1400000US56043000301","3.01","Census Tract 3.01","Washakie County","WY",216,"Travel time to Screening Facility","Minutes",156.655742554999,NA,NA,"Minutes to Gastroenterology","int","SHAPE","157 min",list(c(-107.948432, -107.968767, -107.958752, -107.948426, -107.948432, 44.007879, 44.007958, 44.022466, 44.022386, 44.007879))
"56","037","CT","971100","56037971100","1400000US56037971100","9711","Census Tract 9711","Sweetwater County","WY",156,"Travel time to Screening Facility","Minutes",181.895118096,NA,NA,"Minutes to Gastroenterology","int","SHAPE","182 min",list(c(-109.222444, -109.215416, -109.21091, -109.18595, -109.16275, -109.14976, -109.16327, -109.186022, -109.20085, -109.21593, -109.21823, -109.222444, 41.58586, 41.589365, 41.57968, 41.57111, 41.56141, 41.55332, 41.5495, 41.547554, 41.54835, 41.559636, 41.57929, 41.58586))
"56","011","CT","950200","56011950200","1400000US56011950200","9502","Census Tract 9502","Crook County","WY",216,"Travel time to Screening Facility","Minutes",173.885333513999,NA,NA,"Minutes to Gastroenterology","int","SHAPE","174 min",list(c(-105.076600962208, -105.038249000584, -104.889161, -104.631296, -104.506765, -104.263043, -104.057879, -104.055913, -104.056494, -104.055941, -104.055784100314, -104.08094, -104.10553, -104.14544, -104.15717, -104.17488, -104.20729, -104.23314, -104.24047, -104.27414, -104.28457, -104.29081, -104.30242, -104.34331, -104.34941, -104.36467, -104.368012, -104.3849, -104.40532, -104.42799, -104.434127, -104.44701, -104.45801, -104.46349, -104.47848, -104.510333, -104.523716, -104.52809, -104.5402, 
-104.5679, -104.58605, -104.59276, -104.6132, -104.62926, -104.63617, -104.65438, -104.67082, -104.68065, -104.68293, -104.68255, -104.69656, -104.68069, -104.6777, -104.68377, -104.69428, -104.69045, -104.68019, -104.65252, -104.64405, -104.64601, -104.60258, -104.59074, -104.59875, -104.60565, -104.61108, -104.61048, -104.60059, -104.59095, -104.592344, -104.59776, -104.58213, -104.56645, -104.55735, -104.54693, -104.51883, -104.49988, -104.51035, -104.50573, -104.5099, -104.50726, -104.49587, 
-104.48172, -104.45713, -104.45896, -104.45618, -104.46254, -104.461132, -105.000513, -105.079281, -105.082181, -105.084467, -105.08391, -105.084207, -105.08393, -105.082698, -105.085646, -105.085572, -105.085451, -105.076861, -105.074791, -105.076696, -105.076600962208, 45.0001122781421, 45.000103600584, 45.000026, 44.998808, 44.998493, 44.998127, 44.997605, 44.874986, 44.866772, 44.775705, 44.6411595679579, 44.64913, 44.65042, 44.64302, 44.63749, 44.6379, 44.64355, 44.64663, 44.64957, 44.65606, 
44.65639, 44.66113, 44.66254, 44.6531, 44.65619, 44.65656, 44.651859, 44.64556, 44.62278, 44.62792, 44.63378, 44.63165, 44.62563, 44.61665, 44.605052, 44.603676, 44.601541, 44.61246, 44.62767, 44.63878, 44.64051, 44.65061, 44.66782, 44.65288, 44.64269, 44.6301, 44.62948, 44.62474, 44.618004, 44.59096, 44.57838, 44.55189, 44.5416, 44.52757, 44.51261, 44.50262, 44.49853, 44.48336, 44.46422, 44.45804, 44.42468, 44.41387, 44.40407, 44.38505, 44.38111, 44.367944, 44.351617, 44.34049, 44.330242, 44.3237, 
44.32287, 44.32661, 44.33175, 44.3326, 44.31991, 44.32185, 44.3081, 44.30014, 44.28488, 44.2739, 44.27384, 44.26718, 44.24853, 44.24094, 44.22256, 44.2085, 44.180747, 44.176897, 44.176182, 44.176175, 44.216633, 44.2855, 44.288965, 44.42704, 44.527607, 44.54187, 44.685494, 44.786801, 44.786193, 44.87107, 44.871072, 45.0001122781421))
"56","037","CT","971600","56037971600","1400000US56037971600","9716","Census Tract 9716","Sweetwater County","WY",156,"Travel time to Screening Facility","Minutes",216.087403459999,NA,NA,"Minutes to Gastroenterology","int","SHAPE","216 min",list(c(-110.053708, -109.996469, -109.750432, -109.742819, -109.500686, -109.473881, -109.375683, -109.305643, -109.125676, -109.043864, -108.950182, -108.698578, -108.534353, -108.338025, -108.125032, -107.635147, -107.522722, -107.522822, -107.522321, -107.503821, -107.505247, -107.50549, -107.510054, -107.50972, -107.777641, -107.929736, -107.929984, -107.92988, -107.917104, -107.918421, -108.046539, -108.181227, -108.250649, -108.500659, -108.526667, -108.631108, -108.884138, -109.050076, -109.173682, 
-109.231985, -109.250735, -109.500694, -109.565094344212, -109.560045, -109.565903, -109.554899, -109.550819, -109.563795, -109.54726, -109.544291, -109.538301, -109.529934, -109.532139, -109.55394, -109.552855, -109.549893, -109.534443, -109.537721, -109.541965, -109.554492, -109.574135, -109.589912, -109.573445, -109.557956, -109.535184, -109.53095, -109.535221, -109.531714, -109.527096, -109.509732, -109.494116, -109.472777, -109.462114, -109.458174, -109.453628, -109.439139, -109.429127, -109.429444, 
-109.445093, -109.450068, -109.452318, -109.44893, -109.43744, -109.424541, -109.412204, -109.410958, -109.422879, -109.416933, -109.387909, -109.386929, -109.383998, -109.363641, -109.339453, -109.337385, -109.328061, -109.309335, -109.30581, -109.286117, -109.269807, -109.26928, -109.2654, -109.255821, -109.21601, -109.19443, -109.18389, -109.17753, -109.1581, -109.1579, -109.14705, -109.13739, -109.13087, -109.107826, -109.10748, -109.117, -109.11627, -109.12858, -109.13373, -109.11918, -109.11086, 
-109.10708, -109.10462, -109.11189, -109.108632, -109.1153, -109.152075, -109.161532, -109.17676, -109.19427, -109.20119, -109.22171, -109.239679, -109.244405, -109.27438, -109.28788, -109.30903, -109.335608, -109.340376, -109.351708, -109.338811, -109.33428, -109.34269, -109.353751, -109.37144, -109.376557, -109.483712, -109.494897, -109.638252, -109.64893, -109.67967, -109.69027, -109.68696, -109.70377, -109.72691, -109.74755, -109.76091, -109.76837, -109.81653, -109.82731, -109.85177, -109.89122, 
-109.91096, -109.95767, -110.00036, -110.01265, -110.043586, -110.046432, -110.046408, -110.054409, -110.053708, 42.270744, 42.269733, 42.265733, 42.265826, 42.263559, 42.263428, 42.263861, 42.263617, 42.263586, 42.263684, 42.263602, 42.263141, 42.263073, 42.263535, 42.262516, 42.2614, 42.261756, 42.1745, 42.087957, 42.087957, 41.830619, 41.74053, 41.740513, 41.657452, 41.658161, 41.659596, 41.499959, 41.39853, 41.398499, 41.002036, 41.002064, 41.000455, 41.000114, 41.000112, 40.999608, 41.000156, 
41.000094, 41.000659, 41.000859, 41.002059, 41.001009, 40.999127, 40.9981967292678, 41.013507, 41.025719, 41.032008, 41.04051, 41.056383, 41.069635, 41.084302, 41.097198, 41.10514, 41.116968, 41.135529, 41.156491, 41.163293, 41.172857, 41.181468, 41.204513, 41.213117, 41.217212, 41.224608, 41.249948, 41.264554, 41.278466, 41.28351, 41.308904, 41.321992, 41.324791, 41.326101, 41.320902, 41.323387, 41.329398, 41.335358, 41.353937, 41.354885, 41.366858, 41.374426, 41.378849, 41.383687, 41.400592, 41.408983, 
41.410836, 41.404132, 41.411464, 41.425935, 41.433435, 41.440609, 41.446047, 41.460614, 41.474391, 41.476431, 41.476702, 41.482889, 41.483846, 41.491882, 41.503813, 41.496339, 41.496556, 41.47624, 41.45279, 41.436233, 41.44692, 41.45567, 41.45601, 41.47228, 41.50949, 41.52718, 41.53323, 41.54271, 41.53572, 41.53472, 41.54499, 41.58025, 41.59083, 41.603178, 41.60948, 41.61766, 41.66706, 41.67616, 41.69412, 41.70814, 41.729349, 41.732215, 41.729715, 41.732666, 41.73278, 41.72785, 41.72848, 41.72828, 
41.730374, 41.728609, 41.72691, 41.73684, 41.74374, 41.743269, 41.746425, 41.769405, 41.778835, 41.79467, 41.85748, 41.89222, 41.91759, 41.920539, 41.920063, 41.918986, 41.919385, 41.92271, 41.93872, 41.94036, 41.94863, 41.95442, 41.95404, 41.94597, 41.93574, 41.92498, 41.91107, 41.91632, 41.93624, 41.94773, 41.95497, 41.96567, 41.98192, 41.98784, 41.97964, 41.980754, 42.006948, 42.007048, 42.270744))
"56","007","CT","967600","56007967600","1400000US56007967600","9676","Census Tract 9676","Carbon County","WY",216,"Travel time to Screening Facility","Minutes",151.870766669999,NA,NA,"Minutes to Gastroenterology","int","SHAPE","152 min",list(c(-107.522722, -107.522923, -106.940971, -106.912864, -106.914712, -106.900083, -106.88989, -106.888234, -106.891624, -106.904603, -106.90198, -106.904215, -106.918273, -106.933334, -106.927456, -106.935318, -106.932769, -106.919227, -106.905614, -106.904216, -106.896072, -106.888823, -106.878699, -106.878858, -106.870039, -106.874302, -106.883184, -106.894622, -106.903038, -106.902644, -106.880864, -106.883743, -106.875222, -106.853016, -106.84779, -106.850849, -106.865604, -106.875494, -106.878053, 
-106.868977, -106.851493, -106.851751, -106.849276, -106.85951, -106.852562, -106.841904, -106.837151, -106.843362, -106.854403, -106.855784, -106.840329, -106.836606, -106.842948, -106.841745, -106.850313, -106.858278, -106.898686, -106.919949, -106.937879, -106.953029, -106.972054, -106.994629, -107.009582, -107.020254, -107.035725, -107.052112, -107.060089, -107.058512, -107.04754, -107.048034, -107.040968, -107.031958, -107.031401, -107.002531, -106.999417, -106.989245, -106.966809, -106.959857, 
-106.947689, -106.940104, -106.940028, -106.948098, -106.948352, -106.942884, -106.934661, -106.935318, -106.920552, -106.905606, -106.890782, -106.890327, -106.891524, -106.904597, -106.912592, -106.907187, -106.92121, -106.928498, -106.928896, -106.937599, -106.950447, -106.946331, -106.950181, -106.961996, -106.975097, -106.983586, -106.978085, -106.96975, -106.964055, -106.975912, -106.984608, -106.996042, -107.003916, -107.021123, -107.030809, -107.084664, -107.104607, -107.104545, -107.116625, 
-107.11476, -107.129974, -107.145114, -107.167999, -107.1771, -107.200629, -107.19503, -107.19465, -107.20752, -107.23652, -107.22168, -107.22414, -107.22823, -107.22721, -107.23319, -107.25404, -107.25332, -107.25935, -107.25448, -107.2524, -107.25377, -107.25336, -107.24045, -107.22676, -107.21732, -107.21802, -107.21424, -107.22287, -107.21137, -107.19723, -107.18821, -107.18579, -107.16147, -107.157804, -107.165604, -107.18617, -107.205952, -107.22687, -107.235651, -107.25926, -107.267605, -107.27737, 
-107.29168, -107.306751, -107.316433, -107.313439, -107.30679, -107.302937003076, -107.367443, -107.625624, -107.918421, -107.917104, -107.92988, -107.929984, -107.929736, -107.777641, -107.50972, -107.510054, -107.50549, -107.505247, -107.503821, -107.522321, -107.522822, -107.522722, 42.261756, 42.434356, 42.433355, 42.433195, 42.420025, 42.411706, 42.40258, 42.393521, 42.384984, 42.37537, 42.369761, 42.354269, 42.346781, 42.342625, 42.331397, 42.320465, 42.306953, 42.284843, 42.276346, 42.25827, 
42.237103, 42.235986, 42.227956, 42.210555, 42.203868, 42.183636, 42.17194, 42.163672, 42.164776, 42.153973, 42.138981, 42.125789, 42.120984, 42.116349, 42.109368, 42.097791, 42.089355, 42.0913, 42.084304, 42.076524, 42.068582, 42.049683, 42.027582, 42.018077, 42.011235, 42.014405, 41.992545, 41.980989, 41.978924, 41.973082, 41.962634, 41.954964, 41.950785, 41.939096, 41.93255, 41.932817, 41.915192, 41.912505, 41.90535, 41.903236, 41.891514, 41.887822, 41.879303, 41.877294, 41.883308, 41.879907, 
41.869253, 41.864157, 41.858435, 41.843339, 41.841955, 41.833256, 41.824314, 41.817425, 41.805135, 41.803022, 41.793119, 41.787648, 41.785472, 41.764594, 41.75853, 41.754314, 41.744123, 41.730828, 41.724401, 41.717137, 41.7139, 41.707167, 41.697872, 41.693733, 41.680682, 41.685408, 41.675453, 41.664113, 41.652099, 41.642886, 41.634021, 41.624278, 41.623152, 41.612372, 41.600946, 41.605858, 41.6063, 41.602164, 41.594687, 41.595083, 41.587091, 41.580515, 41.579635, 41.586611, 41.587435, 41.582576, 
41.574756, 41.564143, 41.561484, 41.557939, 41.549426, 41.539662, 41.527639, 41.512178, 41.499959, 41.489757, 41.483627, 41.47126, 41.46141, 41.4369, 41.40891, 41.38309, 41.36358, 41.35435, 41.34553, 41.34273, 41.32636, 41.31666, 41.29653, 41.26949, 41.26671, 41.23801, 41.2066, 41.19351, 41.19007, 41.18271, 41.1729, 41.16533, 41.15429, 41.14618, 41.14743, 41.14387, 41.1318, 41.12358, 41.118705, 41.109036, 41.10817, 41.110247, 41.10909, 41.106757, 41.09171, 41.073978, 41.06758, 41.06821, 41.05866, 
41.031547, 41.018544, 41.01474, 41.0029355564307, 41.003073, 41.002124, 41.002036, 41.398499, 41.39853, 41.499959, 41.659596, 41.658161, 41.657452, 41.740513, 41.74053, 41.830619, 42.087957, 42.087957, 42.1745, 42.261756), c(-107.22456, -107.19893, -107.179032, -107.174475, -107.17363, -107.18019, -107.19629, -107.220705, -107.24447, -107.25477, -107.27009, -107.27383, -107.29459, -107.29641, -107.28503, -107.27612, -107.276051, -107.259652, -107.24839, -107.22456, 41.77839, 41.7895, 41.785856, 41.793539, 
41.81186, 41.8201, 41.82911, 41.838974, 41.84219, 41.84193, 41.83687, 41.83088, 41.81507, 41.8097, 41.79519, 41.78759, 41.780356, 41.781989, 41.778601, 41.77839))
"56","037","CT","970800","56037970800","1400000US56037970800","9708","Census Tract 9708","Sweetwater County","WY",156,"Travel time to Screening Facility","Minutes",176.235842133999,NA,NA,"Minutes to Gastroenterology","int","SHAPE","176 min",list(c(-109.20119, -109.19427, -109.17676, -109.161532, -109.152075, -109.1153, -109.108632, -109.11189, -109.10462, -109.10708, -109.11086, -109.11918, -109.13373, -109.12858, -109.144244, -109.160012, -109.174384, -109.190645, -109.20733, -109.215416, -109.222444, -109.224857, -109.230553, -109.2295, -109.23302, -109.22074, -109.21248, -109.20596, -109.20119, 41.72848, 41.72785, 41.73278, 41.732666, 41.729715, 41.732215, 41.729349, 41.70814, 41.69412, 41.67616, 41.66706, 41.61766, 41.60948, 41.603178, 
41.600835, 41.591355, 41.594667, 41.58854, 41.595367, 41.589365, 41.58586, 41.59247, 41.596712, 41.60786, 41.62104, 41.6868, 41.71705, 41.72823, 41.72848))
"56","037","CT","970903","56037970903","1400000US56037970903","9709.03","Census Tract 9709.03","Sweetwater County","WY",156,"Travel time to Screening Facility","Minutes",180.461092529,NA,NA,"Minutes to Gastroenterology","int","SHAPE","180 min",list(c(-109.310463, -109.27631, -109.25623, -109.25244, -109.23861, -109.2295, -109.230553, -109.224857, -109.230997, -109.237342, -109.265178, -109.279465, -109.291881, -109.30417, -109.310463, 41.557511, 41.57166, 41.57942, 41.582325, 41.60298, 41.60786, 41.596712, 41.59247, 41.575233, 41.569956, 41.564439, 41.557331, 41.555233, 41.547497, 41.557511))
"56","037","CT","970601","56037970601","1400000US56037970601","9706.01","Census Tract 9706.01","Sweetwater County","WY",594,"Travel time to Screening Facility","Minutes",225.937326092999,NA,NA,"Minutes to Gastroenterology","int","SHAPE","226 min",list(c(-109.466417, -109.460089, -109.45001, -109.42923, -109.41085, -109.38543, -109.37251, -109.32766, -109.310463, -109.30417, -109.295119, -109.30581, -109.309335, -109.328061, -109.337385, -109.339453, -109.363641, -109.383998, -109.386929, -109.402019, -109.40993, -109.420461, -109.435206, -109.453147, -109.450858, -109.45785, -109.447657, -109.45405, -109.46402, -109.47422, -109.466417, 41.519084, 41.524986, 41.52162, 41.52783, 41.52751, 41.53323, 41.53306, 41.54995, 41.557511, 41.547497, 
41.52987, 41.503813, 41.491882, 41.483846, 41.482889, 41.476702, 41.476431, 41.474391, 41.460614, 41.465875, 41.460648, 41.459955, 41.463391, 41.478188, 41.486316, 41.49088, 41.49446, 41.50326, 41.50329, 41.50982, 41.519084))
"56","037","CT","970902","56037970902","1400000US56037970902","9709.02","Census Tract 9709.02","Sweetwater County","WY",156,"Travel time to Screening Facility","Minutes",179.572266469999,NA,NA,"Minutes to Gastroenterology","int","SHAPE","180 min",list(c(-109.243622, -109.23302, -109.2295, -109.23861, -109.25244, -109.25623, -109.268244, -109.25969, -109.25462, -109.243622, 41.629433, 41.62104, 41.60786, 41.60298, 41.582325, 41.57942, 41.586129, 41.5941, 41.60943, 41.629433))
"56","043","CT","000302","56043000302","1400000US56043000302","3.02","Census Tract 3.02","Washakie County","WY",216,"Travel time to Screening Facility","Minutes",158.198128924,NA,NA,"Minutes to Gastroenterology","int","SHAPE","158 min",list(c(-107.948432, -107.948426, -107.958752, -107.968767, -107.971797, -107.95443, -107.952496, -107.936919, -107.927973, -107.923116, -107.927918, -107.927388, -107.948432, 44.007879, 44.022386, 44.022466, 44.007958, 44.023902, 44.041274, 44.054064, 44.061053, 44.052125, 44.037979, 44.037122, 44.008518, 44.007879))
"56","037","CT","970905","56037970905","1400000US56037970905","9709.05","Census Tract 9709.05","Sweetwater County","WY",156,"Travel time to Screening Facility","Minutes",181.311067164999,NA,NA,"Minutes to Gastroenterology","int","SHAPE","181 min",list(c(-109.30803, -109.249012, -109.243622, -109.25462, -109.25969, -109.268244, -109.25623, -109.27631, -109.27398, -109.29298, -109.31507, -109.30566, -109.3027, -109.30803, 41.63242, 41.633125, 41.629433, 41.60943, 41.5941, 41.586129, 41.57942, 41.57166, 41.57898, 41.57995, 41.59288, 41.60609, 41.61659, 41.63242))
"56","037","CT","970904","56037970904","1400000US56037970904","9709.04","Census Tract 9709.04","Sweetwater County","WY",156,"Travel time to Screening Facility","Minutes",174.306062077999,NA,NA,"Minutes to Gastroenterology","int","SHAPE","174 min",list(c(-109.335608, -109.30903, -109.28788, -109.27438, -109.244405, -109.239679, -109.22171, -109.20119, -109.20596, -109.21248, -109.22074, -109.23302, -109.243622, -109.249012, -109.30803, -109.29579, -109.29374, -109.29944, -109.30007, -109.30641, -109.31624, -109.33353, -109.34422, -109.35337, -109.365, -109.36213, -109.335608, 41.743269, 41.74374, 41.73684, 41.72691, 41.728609, 41.730374, 41.72828, 41.72848, 41.72823, 41.71705, 41.6868, 41.62104, 41.629433, 41.633125, 41.63242, 41.64657, 41.66418, 
41.67413, 41.68202, 41.6943, 41.7203, 41.72477, 41.72971, 41.72924, 41.73544, 41.74908, 41.743269))
"56","045","CT","951100","56045951100","1400000US56045951100","9511","Census Tract 9511","Weston County","WY",216,"Travel time to Screening Facility","Minutes",161.812119044,NA,NA,"Minutes to Gastroenterology","int","SHAPE","162 min",list(c(-105.079281, -105.000513, -104.461132, -104.375484, -104.368206, -104.054840270387, -104.054665, -104.055462, -104.055014, -104.054855942138, -104.059552, -104.250497, -104.420437, -104.74858, -104.750519, -104.899941, -105.000139, -105.079797, -105.080558, -105.080688, -105.078784, -105.081407, -105.080777, -105.079281, 44.176182, 44.176897, 44.180747, 44.181622, 44.180912, 44.1803817201202, 44.031167, 43.845884, 43.673237, 43.5033240353654, 43.503062, 43.502423, 43.502177, 43.501416, 43.501134, 
43.49964, 43.499287, 43.498445, 43.5024, 43.739945, 43.827021, 43.826928, 43.966216, 44.176182), c(-104.343755, -104.338235, -104.332128, -104.323346, -104.313353, -104.303891, -104.297621, -104.277139, -104.261591, -104.250099, -104.23928, -104.217624, -104.214505, -104.200146, -104.187375, -104.175594, -104.167577, -104.166492, -104.155792, -104.148562, -104.150221, -104.179722, -104.247264, -104.297824, -104.310647, -104.308492, -104.311957, -104.325519, -104.343107, -104.343755, 43.870389, 43.862233, 
43.839699, 43.82629, 43.828743, 43.82484, 43.815111, 43.815468, 43.828173, 43.840459, 43.832847, 43.836574, 43.810686, 43.80776, 43.814347, 43.807957, 43.811332, 43.832494, 43.831108, 43.843139, 43.846753, 43.867511, 43.899931, 43.921646, 43.905304, 43.892489, 43.886557, 43.888267, 43.887406, 43.870389))
"56","037","CT","970500","56037970500","1400000US56037970500","9705","Census Tract 9705","Sweetwater County","WY",594,"Travel time to Screening Facility","Minutes",167.931894325999,NA,NA,"Minutes to Gastroenterology","int","SHAPE","168 min",list(c(-110.048, -110.046432, -110.043586, -110.01265, -110.00036, -109.95767, -109.91096, -109.89122, -109.85177, -109.82731, -109.81653, -109.76837, -109.76091, -109.74755, -109.72691, -109.70377, -109.68696, -109.69027, -109.67967, -109.64893, -109.638252, -109.494897, -109.483712, -109.376557, -109.37144, -109.353751, -109.34269, -109.33428, -109.338811, -109.351708, -109.340376, -109.335608, -109.36213, -109.365, -109.35337, -109.34422, -109.33353, -109.31624, -109.30641, -109.30007, -109.29944, 
-109.29374, -109.29579, -109.30803, -109.3027, -109.30566, -109.31507, -109.29298, -109.27398, -109.27631, -109.310463, -109.32766, -109.37251, -109.38543, -109.41085, -109.42923, -109.45001, -109.460089, -109.466417, -109.475706, -109.477056, -109.491504, -109.511497, -109.526256, -109.529288, -109.55299, -109.57163, -109.59372, -109.60683, -109.62035, -109.67771, -109.80552, -109.8785, -109.909713, -109.92006, -110.00669, -110.04013, -110.048895, -110.048, 41.578015, 41.980754, 41.97964, 41.98784, 
41.98192, 41.96567, 41.95497, 41.94773, 41.93624, 41.91632, 41.91107, 41.92498, 41.93574, 41.94597, 41.95404, 41.95442, 41.94863, 41.94036, 41.93872, 41.92271, 41.919385, 41.918986, 41.920063, 41.920539, 41.91759, 41.89222, 41.85748, 41.79467, 41.778835, 41.769405, 41.746425, 41.743269, 41.74908, 41.73544, 41.72924, 41.72971, 41.72477, 41.7203, 41.6943, 41.68202, 41.67413, 41.66418, 41.64657, 41.63242, 41.61659, 41.60609, 41.59288, 41.57995, 41.57898, 41.57166, 41.557511, 41.54995, 41.53306, 41.53323, 
41.52751, 41.52783, 41.52162, 41.524986, 41.519084, 41.525454, 41.530815, 41.549296, 41.548745, 41.553065, 41.559911, 41.564575, 41.55865, 41.55462, 41.54755, 41.54547, 41.5426, 41.543079, 41.54193, 41.544417, 41.54219, 41.49913, 41.47013, 41.4649, 41.578015))
"56","037","CT","970602","56037970602","1400000US56037970602","9706.02","Census Tract 9706.02","Sweetwater County","WY",594,"Travel time to Screening Facility","Minutes",176.839066537999,NA,NA,"Minutes to Gastroenterology","int","SHAPE","177 min",list(c(-109.46402, -109.45405, -109.447657, -109.45785, -109.46402, 41.50329, 41.50326, 41.49446, 41.49088, 41.50329))
"56","037","CT","971200","56037971200","1400000US56037971200","9712","Census Tract 9712","Sweetwater County","WY",156,"Travel time to Screening Facility","Minutes",182.764261548999,NA,NA,"Minutes to Gastroenterology","int","SHAPE","183 min",list(c(-109.12858, -109.11627, -109.117, -109.10748, -109.107826, -109.13087, -109.13739, -109.14976, -109.16275, -109.18595, -109.21091, -109.215416, -109.20733, -109.190645, -109.174384, -109.160012, -109.144244, -109.12858, 41.603178, 41.59083, 41.58025, 41.54499, 41.53472, 41.53572, 41.54271, 41.55332, 41.56141, 41.57111, 41.57968, 41.589365, 41.595367, 41.58854, 41.594667, 41.591355, 41.600835, 41.603178))
"56","037","CT","971000","56037971000","1400000US56037971000","9710","Census Tract 9710","Sweetwater County","WY",156,"Travel time to Screening Facility","Minutes",180.874740056,NA,NA,"Minutes to Gastroenterology","int","SHAPE","181 min",list(c(-109.30417, -109.291881, -109.279465, -109.265178, -109.237342, -109.230997, -109.224857, -109.222444, -109.21823, -109.21593, -109.20085, -109.186022, -109.16327, -109.14976, -109.13739, -109.14705, -109.1579, -109.1581, -109.17753, -109.18389, -109.19443, -109.21601, -109.255821, -109.2654, -109.26928, -109.269807, -109.286117, -109.30581, -109.295119, -109.30417, 41.547497, 41.555233, 41.557331, 41.564439, 41.569956, 41.575233, 41.59247, 41.58586, 41.57929, 41.559636, 41.54835, 41.547554, 
41.5495, 41.55332, 41.54271, 41.53323, 41.52718, 41.50949, 41.47228, 41.45601, 41.45567, 41.44692, 41.436233, 41.45279, 41.47624, 41.496556, 41.496339, 41.503813, 41.52987, 41.547497))
"56","045","CT","951300","56045951300","1400000US56045951300","9513","Census Tract 9513","Weston County","WY",216,"Travel time to Screening Facility","Minutes",156.915776993999,NA,NA,"Minutes to Gastroenterology","int","SHAPE","157 min",list(c(-104.343755, -104.343107, -104.325519, -104.311957, -104.308492, -104.310647, -104.297824, -104.247264, -104.179722, -104.150221, -104.148562, -104.155792, -104.166492, -104.167577, -104.175594, -104.187375, -104.200146, -104.214505, -104.217624, -104.23928, -104.250099, -104.261591, -104.277139, -104.297621, -104.303891, -104.313353, -104.323346, -104.332128, -104.338235, -104.343755, 43.870389, 43.887406, 43.888267, 43.886557, 43.892489, 43.905304, 43.921646, 43.899931, 43.867511, 43.846753, 
43.843139, 43.831108, 43.832494, 43.811332, 43.807957, 43.814347, 43.80776, 43.810686, 43.836574, 43.832847, 43.840459, 43.828173, 43.815468, 43.815111, 43.82484, 43.828743, 43.82629, 43.839699, 43.862233, 43.870389))
"56","043","CT","000200","56043000200","1400000US56043000200","2","Census Tract 2","Washakie County","WY",216,"Travel time to Screening Facility","Minutes",165.437992855,NA,NA,"Minutes to Gastroenterology","int","SHAPE","165 min",list(c(-108.550562, -108.505536, -108.124452, -107.923198, -107.722019, -107.712852, -107.684051, -107.375628, -107.337208, -107.146808, -107.128584, -107.128641, -107.128394, -107.127622, -107.113655, -107.113378, -107.113639, -107.110799, -107.110734, -107.22677, -107.23063, -107.425641, -107.534897, -107.595105, -107.595157, -107.716218, -107.715876, -107.956577, -107.956448, -108.002668, -108.174938, -108.19972, -108.193825, -108.185368, -108.250656, -108.309694, -108.30936, -108.429563, -108.427064, 
-108.489431, -108.490254, -108.550758, -108.550562, 44.168455, 44.168395, 44.168173, 44.16784, 44.167877, 44.16645, 44.166401, 44.167882, 44.167794, 44.165666, 44.165692, 44.121245, 43.902481, 43.815961, 43.816092, 43.724807, 43.555781, 43.555571, 43.500286, 43.500455, 43.501485, 43.501642, 43.501362, 43.501397, 43.646427, 43.645766, 43.733343, 43.733446, 43.818666, 43.81851, 43.818968, 43.831004, 43.834135, 43.848244, 43.846755, 43.846619, 43.903255, 43.903355, 43.992054, 43.991866, 44.07976, 44.079403, 
44.168455), c(-107.968767, -107.948432, -107.927388, -107.927918, -107.923116, -107.927973, -107.936919, -107.952496, -107.95443, -107.971797, -107.968767, 44.007958, 44.007879, 44.008518, 44.037122, 44.037979, 44.052125, 44.061053, 44.054064, 44.041274, 44.023902, 44.007958))
"56","011","CT","950300","56011950300","1400000US56011950300","9503","Census Tract 9503","Crook County","WY",216,"Travel time to Screening Facility","Minutes",206.867445526,NA,NA,"Minutes to Gastroenterology","int","SHAPE","207 min",list(c(-104.055784100314, -104.055908, -104.055525, -104.054840270387, -104.368206, -104.375484, -104.461132, -104.46254, -104.45618, -104.45896, -104.45713, -104.48172, -104.49587, -104.50726, -104.5099, -104.50573, -104.51035, -104.49988, -104.51883, -104.54693, -104.55735, -104.56645, -104.58213, -104.59776, -104.592344, -104.59095, -104.60059, -104.61048, -104.61108, -104.60565, -104.59875, -104.59074, -104.60258, -104.64601, -104.64405, -104.65252, -104.68019, -104.69045, -104.69428, -104.68377, 
-104.6777, -104.68069, -104.69656, -104.68255, -104.68293, -104.68065, -104.67082, -104.65438, -104.63617, -104.62926, -104.6132, -104.59276, -104.58605, -104.5679, -104.5402, -104.52809, -104.523716, -104.510333, -104.47848, -104.46349, -104.45801, -104.44701, -104.434127, -104.42799, -104.40532, -104.3849, -104.368012, -104.36467, -104.34941, -104.34331, -104.30242, -104.29081, -104.28457, -104.27414, -104.24047, -104.23314, -104.20729, -104.17488, -104.15717, -104.14544, -104.10553, -104.08094, 
-104.055784100314, 44.6411595679579, 44.510405, 44.317741, 44.1803817201202, 44.180912, 44.181622, 44.180747, 44.2085, 44.22256, 44.24094, 44.24853, 44.26718, 44.27384, 44.2739, 44.28488, 44.30014, 44.3081, 44.32185, 44.31991, 44.3326, 44.33175, 44.32661, 44.32287, 44.3237, 44.330242, 44.34049, 44.351617, 44.367944, 44.38111, 44.38505, 44.40407, 44.41387, 44.42468, 44.45804, 44.46422, 44.48336, 44.49853, 44.50262, 44.51261, 44.52757, 44.5416, 44.55189, 44.57838, 44.59096, 44.618004, 44.62474, 44.62948, 
44.6301, 44.64269, 44.65288, 44.66782, 44.65061, 44.64051, 44.63878, 44.62767, 44.61246, 44.601541, 44.603676, 44.605052, 44.61665, 44.62563, 44.63165, 44.63378, 44.62792, 44.62278, 44.64556, 44.651859, 44.65656, 44.65619, 44.6531, 44.66254, 44.66113, 44.65639, 44.65606, 44.64957, 44.64663, 44.64355, 44.6379, 44.63749, 44.64302, 44.65042, 44.64913, 44.6411595679579))
